id_pessoa,id_emprestimo,id_historico,idade_pessoa,salario_pessoa,situacao_propriedade,tempo_trabalho,motivo_emprestimo,pontuacao_emprestimo,valor_emprestimo,taxa_juros,possibilidade_inadimplencia,relacao_emprestimo_salario,possui_inadimplencia,tempo_ultima_solicitacao
bLi18O5K-31eI,dDoO2g97-yxWH,HpY5JrYs-x2bv,22,55000,Own,6,Education,B,25000,10.74,0,0.45,N,2
xZjlTQmr-sX7I,PTHgNlLP-XvtB,0DEl6qTs-hfiQ,22,50000,Mortgage,0,Debtconsolidation,A,12800,5.79,0,0.26,N,2
J3jGNZeh-OzZE,GvqL52S8-S8OH,NaelpPC5-t2kz,26,84996,Rent,0,Medical,B,9000,11.26,0,0.11,N,2
QCrl3MTd-8H85,u0KE1FJ7-gAEQ,Dy72mlJI-6TUS,24,55782,Rent,3,Homeimprovement,A,17000,7.51,0,0.3,N,2
Qlxd2JHS-SznC,jCsKD2jl-kWuQ,KbaYnLW6-dsLj,28,53376,Rent,5,Personal,A,10000,5.42,0,0.19,N,5
M7v6eyLG-26D0,JBSnaQ5c-FyTs,IOMkIRcN-wXBu,23,44340,Own,0,Venture,C,3000,12.98,0,0.07,Y,3
asPXbSe1-Zfyo,qKWmsWvD-X1y1,OgjqhMsS-slJh,22,45000,Rent,6,Debtconsolidation,B,16000,10.59,1,0.36,N,4
zw1G3FLG-tku4,v4ssLH7I-Gs7Y,ZhWghdc1-PsrE,29,50000,Mortgage,4,Medical,B,21850,12.42,0,0.44,N,10
pbrxxYCT-azkQ,OWpqlTfj-B7BP,Ocg8CEfd-dYA4,27,35000,Rent,8,Personal,B,12000,9.91,1,0.34,N,8
rz6KYxBX-SCcJ,gngDxDmO-YH6A,rexKO1Fs-lZn3,32,19200,Rent,0,Venture,B,5000,9.99,1,0.26,N,6
U3tpPaOA-3FDc,u9GpMjFW-Dzsa,noLRxHpz-ZtJr,22,45000,Rent,1,Venture,E,10000,NULL,1,0.22,N,2
Zx2PDoqF-vBJi,QCIoQ2Z0-aFDN,8AK6FttX-HrNB,24,82000,Mortgage,8,Personal,A,6000,6.76,0,0.07,N,3
iWzdnAgb-suBH,Uzelr67n-v7SG,pn98XcB0-DUtg,36,39520,Own,14,Venture,A,5000,5.79,0,0.13,N,16
JxCz24oq-iSbh,mGR46RER-d7Iq,QJpdYK4m-cbDw,26,120000,Rent,11,Homeimprovement,C,10000,12.68,0,0.08,N,2
K58ydOiW-a2I3,o65QapOc-tR0Z,sxSX7s1R-Wo1r,30,36000,Rent,6,Debtconsolidation,C,4500,13.49,0,0.13,Y,6
bJNvNByL-bulA,TZnTXZ7C-qADZ,8hWEWTjS-RzO6,25,155000,Mortgage,9,Medical,A,18000,7.51,0,0.12,N,2
tHhovZu7-yAyc,I4PWxFFm-Dx3k,0eLybnh2-aE9r,29,220000,Mortgage,13,Debtconsolidation,B,8500,10.37,0,0.04,N,5
0F73ebtg-cUMd,rZ1ZZj4K-abxq,edcXOOuW-AP2k,24,35000,Rent,1,Debtconsolidation,B,10000,NULL,0,0.29,N,4
QxguCoOz-A8TQ,5N6Comwu-QDQT,YMTqlcva-hOXa,28,215662,Mortgage,12,Venture,B,21000,11.99,0,0.1,N,7
YIHuehGl-eWpc,CRO9thKh-NYDn,IHcxHFyD-ddZE,29,175000,Mortgage,2,Homeimprovement,A,10000,NULL,0,0.06,N,9
5deB5DeT-OKAp,s2fQ68Mw-HuT3,vwZi6gb8-h0ve,33,54000,Rent,15,Debtconsolidation,B,10000,10.99,0,0.19,N,8
buTRyu8E-3IRL,mY9Zm8i5-0Alw,dWAbSFLp-YN78,21,45000,Rent,3,Personal,A,3200,6.54,0,0.07,N,4
dk6KOxHq-JUKM,oSmT9zdk-QYFZ,8TRuPESk-eXpS,29,77000,Rent,0,Education,A,8225,NULL,0,0.11,N,10
U5ZGAnOO-7X0A,YMii0Ay8-3XdD,GpPfyAEQ-xf4Q,24,44000,Rent,2,Personal,A,10000,7.49,0,0.23,N,2
CSdxstlx-8mIo,pSCbch2x-rw1l,7NsYjoqW-9Qss,26,103000,Mortgage,0,Personal,C,14000,13.57,1,0.14,N,4
1cOPf1qD-wFaf,w3Wj01jg-smjd,Q9gpRLzs-elg5,36,45344,Mortgage,11,Education,A,16750,7.88,0,0.37,N,13
H4gHoJtN-N10c,kH3LU1Tq-Jgjt,zhFY8hpf-ZSPD,31,50402,Mortgage,4,Venture,C,3000,13.22,0,0.06,Y,10
u03tbyFD-kivI,tZHUg48k-WmbY,6SlddJLo-ZorK,21,53000,Mortgage,5,Venture,C,18000,13.8,0,0.34,Y,3
kGsgqY0U-QB6x,pwMMAkxx-M8BU,vGTfoX73-Hvd5,23,71500,Rent,3,Debtconsolidation,D,30000,NULL,1,0.42,N,4
o6mELtk2-D6w8,a2Yd1SZQ-zF8G,o4P4s9g8-zrLp,36,24000,Mortgage,2,Debtconsolidation,A,1500,9.63,0,0.06,N,16
lNh1ioty-uL1G,IwZrEtno-zrEH,CPndc1jf-4kOA,23,77004,Mortgage,6,Medical,A,12000,5.79,0,0.16,N,3
yakFUmEZ-DOB4,gnytRXfa-1YmA,vKJ4HhXw-tz5J,25,95004,Mortgage,9,Education,A,18000,7.51,0,0.19,N,4
Z7IrcAuM-hQ4e,0vkNdjj2-gHxl,QJKW0pkS-BYQN,30,62000,Rent,14,Medical,B,12000,11.71,0,0.19,N,9
CblggIQq-7Fp8,De4YYLZ1-FY1g,5O0Qypun-XtT4,23,80000,Own,7,Venture,B,25000,9.99,0,0.31,N,3
kldtM1j3-f9BS,tDwgymBR-UP8q,caP8lI9I-mlTd,35,39000,Rent,8,Medical,B,5000,9.99,1,0.13,N,6
bsjYmP00-XXsO,Yj0s3Sns-mdCe,EXQXXO9g-llgX,23,65000,Mortgage,7,Education,A,10500,6.03,0,0.16,N,4
DJzWLXQf-bK7s,rURZxss7-av0y,YCWrlpQJ-LCQf,23,48000,Rent,2,Education,B,16000,10,1,0.33,N,4
utAh29tr-5SKh,rQDifpHK-lhmT,5cuXo8ct-ettp,25,110004,Mortgage,9,Homeimprovement,A,15000,7.66,0,0.14,N,4
HyQps3sR-bRxO,y84fsHF6-8UmN,qxDsU9Gv-RruM,22,50000,Mortgage,6,Personal,A,15000,7.9,0,0.3,N,3
eeeNsG03-h61e,6GYp2kvH-x55n,8iOqDmIF-tLRm,43,72800,Mortgage,7,Homeimprovement,C,20000,12.84,0,0.27,Y,12
60YJzWEl-jNKh,NFMzgZ5u-Weh4,BUkyfawG-eg3o,23,30000,Rent,7,Education,B,3600,9.7,0,0.12,N,3
IBn1Z7wt-cq4d,zY295teH-bgKn,j7AjFW1k-pN9o,27,61000,Mortgage,11,Medical,B,1200,10.37,0,0.02,N,5
JlUHLUZA-rfPy,kXb3MoC4-CC80,woPqremP-ROOh,24,64000,Mortgage,8,Education,A,5000,7.88,1,0.08,N,4
jihtnqIM-l3Wm,piclsXa6-nFdd,ZXvEWTRv-JQXI,30,60000,Rent,8,Medical,A,5000,NULL,0,0.08,N,8
81S7xySz-HsQY,v7sD14be-H2xC,uYot9IpR-k8t8,47,168000,Mortgage,13,Education,A,8775,8.49,0,0.05,N,12
zoN4iJtm-hXPm,lK21aS2J-YoaY,agOFgpmv-wzM3,27,146000,Mortgage,5,Medical,A,2500,8.49,0,0.02,N,5
iqxppEv8-GE4a,DkWEsf6m-04Yk,FoarKzwh-roRw,24,39996,Mortgage,4,Education,C,5000,14.82,0,0.13,Y,3
JErNX8Ig-DWQK,EYIbBkQM-3iOn,EBC4fYHR-YYYt,22,90000,Rent,7,Venture,A,12000,5.79,0,0.13,N,2
y1EdgoZS-ecd0,sInr6Stt-LkN8,dxjJDqiU-JwUn,23,91000,Mortgage,5,Venture,D,10000,16.32,0,0.11,Y,3
wXiUBziv-iEnX,Q89FNQId-Bzsg,3LQRKPrY-enlh,23,90096,Mortgage,0,Education,C,10150,11.97,0,0.11,N,3
0mg5QCvx-Xuza,GmeWoilv-AyW5,Q5ax8QZv-4qmA,21,27996,Mortgage,5,Education,A,10000,9.63,0,0.36,N,4
pyy8Hy9A-sS1b,QCbJrQam-owI2,glumkzb4-tFxg,35,70360,Rent,8,Education,A,10000,6.62,0,0.14,N,5
93KZ7pAN-3dld,HgFe0a5S-vfed,wpE8XGop-9LOc,21,59000,Rent,1,Education,A,5500,5.42,0,0.09,N,2
uEOsSZH4-CIm7,fgZCqYMu-fw6D,LnxfHwJd-tdvi,24,40000,Rent,8,Medical,C,4500,12.84,0,0.11,N,3
lNgK2deW-TQkv,am3l9L3W-tfnW,dnGceIxZ-q9IA,27,75000,Rent,1,Homeimprovement,B,20000,NULL,0,0.27,N,6
TJvond5k-OZsJ,LOrdD3hM-coOU,Sq9jFOjZ-nd4A,22,96000,Mortgage,3,Education,C,11400,13.04,0,0.12,Y,2
cxm9UAPb-vBdb,pcoXUa2c-ouuX,o32ssHmw-scQZ,22,81000,Own,2,Education,D,10000,15.31,0,0.12,N,3
BYmg43Fi-Mvaj,M2sgMabi-q39B,i536G5cd-egh3,21,40000,Rent,3,Education,D,7000,14.46,0,0.17,N,3
7ZmahQle-0zzZ,XMEYtzii-GMsL,notWJFFO-Lb3r,24,72000,Rent,5,Homeimprovement,B,8000,10,0,0.11,N,2
LmwskARR-HyA3,j3jnnG3T-iF3N,0YpSbTgj-CZKT,21,41900,Rent,2,Venture,C,16000,12.84,1,0.38,Y,2
c1fAx8Uh-fk6h,EPRoZdfe-jiw5,sx6PRAzY-Tznx,24,60000,Mortgage,8,Venture,A,2800,9.32,0,0.05,N,4
xpxcSWRB-FrAX,ouTxkFeA-7vLK,b9bBNfOj-LJxL,33,25200,Rent,3,Medical,E,1600,16.69,1,0.06,N,6
FAtQtTri-eraY,gze4W38H-fH69,BH8WdzBF-25wh,27,16800,Rent,3,Debtconsolidation,B,6500,11.99,1,0.39,N,8
rab9Ff8j-XYqI,e4sGSB0W-WsLj,njPidLt8-wjG5,23,60000,Rent,0,Venture,A,8400,7.49,0,0.14,N,3
Q7uCKXLv-KIzS,Q7q9ycyb-xWEE,1OJN1gLu-NODk,35,20000,Rent,0,Education,D,8500,15.05,1,0.42,Y,10
WwXrx0nj-UG9n,Jj0uWkj8-Esq5,U8fDpRKQ-1ejj,33,56312,Rent,2,Homeimprovement,B,3000,11.71,0,0.05,N,9
bo2MWF7f-ttmC,j4QchCXc-gsrU,aHCMF0aM-o9qY,24,85000,Mortgage,3,Homeimprovement,A,NULL,NULL,0,0.1,N,2
FAOQLdyv-osYH,e1qDduOE-cNuh,apoRUzsT-duz9,NULL,NULL,Mortgage,6,Venture,A,10000,13.85,1,0.08,Y,5
zAGYhdqJ-pD7D,4pfUPfsE-8Ltp,4cXZj28b-TIKj,30,43000,Rent,1,Medical,A,3200,8,0,0.07,N,5
oFC1XDv6-abaY,eyITxeQ1-eBt5,6Kdj1wpX-Ov7J,36,46000,Mortgage,3,Venture,A,8000,5.42,0,0.17,N,15
NZH1XocS-SsSQ,v4fR3SBR-gQAU,aSx7gsB7-55uF,23,75000,Mortgage,7,Venture,B,15000,10.38,0,0.2,N,3
TJhsLyva-4Aar,Y7gK4CSI-Gxnq,8Q8U4DtR-s6Pc,24,67000,Own,3,Venture,C,13000,NULL,0,0.19,Y,3
nOCHCG3B-oirj,bAAi9tQ0-jCMx,I9iO5CpP-BLfZ,37,6000,Own,3,Venture,A,1300,6.03,1,0.22,N,11
XGrCoDSO-o1xh,wnkIY26E-YjPD,Xf5yXYgw-c8Dj,22,41000,Rent,2,Debtconsolidation,D,3600,16.77,1,0.09,Y,3
YkqeZw2c-ZWXg,54qHzlW2-9Hcy,4oX9UjXc-KXTr,26,60000,Mortgage,10,Medical,A,12500,6.92,0,0.21,N,3
jDvErxLD-zcXr,oG1c9uM9-Ydlo,TD26zpcY-wnpf,32,35000,Mortgage,2,Personal,C,6075,13.49,0,0.17,N,9
GPn8G5iu-D5C6,4vbdDaYw-71s6,kHfWFYbJ-6mGf,36,69000,Rent,20,Venture,,12000,NULL,0,NULL,N,2
F2MQHMlC-v52y,d37UI3QX-XBO7,OBMhGBJX-UvUf,24,37000,Mortgage,8,Venture,B,10000,10.99,0,0.27,N,4
ji3fFcUX-uC4L,D8n27kWQ-M1uS,mwNA5RSD-MeZN,23,24000,Own,0,Education,A,7000,7.14,0,0.29,N,3
PGY9PM7y-SqoL,Dklqe120-xuMl,bm0jYjYm-jywv,26,45243,Rent,3,Venture,B,4800,9.25,0,0.11,N,2
2oP16JhG-F8XW,FQdHlns2-0FWk,63e82hHt-teRu,22,66000,Own,6,Education,A,5000,7.9,0,0.08,N,4
J9edd2ce-Db1U,qffIq5UR-S2so,rbNzRQ1l-1HIu,24,36000,Rent,2,Debtconsolidation,D,5000,14.59,1,0.14,N,2
iOmP40pa-CNJ4,d8HbJlNy-DsTA,yud3bu3v-Ltn0,29,58000,Other,0,Homeimprovement,B,14000,11.83,0,0.24,N,8
Ng2UrYPJ-wR4Y,QDEqf3zL-ArhU,r0mQH7vv-PX8N,23,28000,Rent,5,Personal,B,6000,9.63,0,0.21,N,4
n5wjd1pM-l0RX,7fkEuSxa-4cQD,RLqQTAzP-zpFY,35,53500,Mortgage,1,Venture,C,20000,12.53,0,0.37,Y,7
lkmbC2Qr-1Nqb,3egeG21L-fj0U,JqJmAI7a-Zo6Q,31,24000,Rent,3,Education,A,6000,8.49,0,0.25,N,5
AN0Tv8Sl-Jdw9,050HN82m-mgF4,K35HQxvr-EgfQ,24,9600,Rent,3,Education,C,1300,12.73,1,0.14,N,2
wW7M1ehu-4Pcf,AAIm3i82-U7GE,OdCUgCqo-1FdY,23,29000,Rent,0,Education,E,10000,17.93,1,0.34,Y,3
u3aAcuGQ-WenL,UpHIupDO-Z3Ra,3vzZKm36-aHv6,27,36000,Rent,2,Medical,B,2000,11.99,0,0.06,N,8
Hrk2jzrJ-ggJY,vCPknwyJ-fKt6,LglB2aTr-FqgR,25,55000,Mortgage,10,Education,C,15000,NULL,0,0.27,Y,3
0xbUO6dd-m6fa,rQWBHM5n-UsKc,s87imLzQ-ic3J,38,34296,Own,1,Medical,C,12000,NULL,0,0.35,Y,12
i8ZaxfCH-ZvnB,up1g0oxX-dnHW,fTl0ZqiO-O4KU,23,50000,Rent,4,Venture,B,18225,10.74,1,0.36,N,3
g1GDvUjj-IoJj,SkfqfEzL-lKFD,2hnMHX0e-caej,23,45000,Rent,1,Debtconsolidation,C,2000,13.49,0,0.04,N,2
GN6ytQnE-DzMK,mMtKwh3x-cEpY,WbeWEny4-1t34,24,117996,Mortgage,6,Venture,E,18000,17.04,0,0.15,Y,3
pOiseZcH-9Fk0,3tcoPzMf-v8ma,G0hUayxs-FJjj,21,45192,Mortgage,0,Personal,B,11700,10.74,0,0.26,N,2
1ocpbjSJ-z6di,j1isnOuI-vt4H,fO7Hnf3c-rglN,31,135000,Mortgage,12,Education,C,15000,13.85,0,0.11,Y,9
YtYvr4Cj-bxpq,SDXBWm4G-EPIP,0lmyftrm-4bcR,30,232050,Mortgage,14,Medical,E,25000,17.93,1,0.09,Y,9
HDKBgTY7-QfNp,xLT3GnkU-p19P,KJ9JOg7F-smW0,23,38004,Rent,5,Education,A,5000,6.91,0,0.13,N,4
OUEtPkTc-vXcy,EUBokKrE-dXz0,NAKFoNIk-NYBx,23,30000,Rent,3,Personal,A,3600,5.99,0,0.12,N,2
BQh2UH1M-eKJD,hQ9qTMoa-lxwp,mlml1vB6-HnK2,34,78000,Rent,9,Debtconsolidation,E,15000,16.4,1,0.19,N,5
BEgWKAQl-b1GG,q8swHn45-O8Oj,b9uK0dGB-T4DC,32,NULL,Rent,NULL,Medical,A,12000,14.54,0,0.27,N,2
fouL80A0-GSbF,MbRLoU9m-0E32,ozHrj2lo-1sBq,28,39000,Rent,6,Medical,D,8000,14.91,1,0.21,Y,7
Q6Ky6UtP-7hjb,PIbtCvUw-qf3K,arAp8q1t-Ki9W,30,67000,Mortgage,6,Homeimprovement,A,10000,6.99,0,0.15,N,6
IGJnHlh5-RW15,eYw3xdOj-cPAp,cCWKWkrU-4oQC,58,68000,Mortgage,1,Personal,B,8000,10.99,0,0.12,N,29
d0YRlkdZ-nuLT,Z5LA433k-5vqf,xzTEiD3e-BbFZ,28,83000,Mortgage,6,Debtconsolidation,B,5000,NULL,0,0.06,N,9
Yu00cQ2k-H4hd,xDklu0NA-P5pb,TrBcx2Ww-zgXl,21,21700,Rent,2,Homeimprovement,D,5500,14.91,1,0.25,N,2
yfSpCdRS-4CPq,BP5OcZMW-FXEL,27dlUgzG-kNy1,29,60000,Rent,0,Homeimprovement,A,4000,7.88,0,0.07,N,6
qDeyTYs1-baNz,HtcIjFIo-tSbK,OGSU5oJz-B4De,25,50000,Rent,0,Homeimprovement,B,6400,9.91,0,0.13,N,4
uRNis7rO-QvQS,UWJzkh6T-wIqh,tBPcdDSD-M18e,29,60000,Mortgage,7,Venture,A,5000,7.66,0,0.08,N,10
J27trJci-Bod4,HdB4w9OB-tTNk,gpyEFrZN-NAP7,25,80000,Mortgage,9,Venture,E,4000,19.03,0,0.05,Y,3
3nRhlR8i-oOAS,7UlWWDkw-NBig,Hxa2IflD-IM3I,52,25000,Rent,23,Medical,D,5000,12.61,1,0.2,Y,22
wIpK7Gev-GmYY,TSHZjj7P-LRvz,ISoB48er-MIWu,27,97000,Mortgage,11,Personal,B,3600,9.25,0,0.04,N,7
uBfquNMW-R3UG,z5SN3Z5s-cxQa,5faOZ105-AE8y,21,43000,Rent,NULL,Venture,D,17525,12.72,0,0.12,,7
yYFHGWKS-2el6,dwuGjAyP-cd2C,m7NH5fyU-ciQa,22,45000,Rent,3,Medical,A,5800,7.88,0,0.13,N,3
H3iPrkPx-YLN1,jn0fXPsl-PlvQ,SFDhlddW-OrGb,22,63800,Mortgage,7,Debtconsolidation,B,25000,11.36,0,0.39,N,4
c7oX7oWG-4sj1,xTUl8XZ0-2chf,mLhRmSUc-UsTE,54,154000,Mortgage,1,Personal,B,12000,12.69,0,0.08,N,26
1X7oBeHa-RPKt,kdMrHFPG-cJ0w,Ia1nka9l-6fM2,24,24000,Rent,2,Education,D,3500,15.65,1,0.15,Y,4
k9yN0XhB-mOhY,f5aoiDdb-J2kK,npYpRPsF-7TUf,22,108000,Rent,6,Education,B,28000,NULL,1,0.26,N,4
9FDLodgY-Lpzf,87qA8hsK-BDXZ,H9LosMN1-QPaH,23,60000,Own,2,Medical,D,18500,15.33,0,0.31,N,2
hkbri4rs-RpGC,B7WrW1dD-3rIL,RRWiOgZZ-fYSH,26,70000,Mortgage,0,Education,A,7000,7.88,0,0.1,N,4
RXHO20XK-84oy,i04ElEjn-YrOf,Ymf4ftlw-AQtB,25,27600,Rent,2,Medical,B,7000,9.76,0,0.25,N,4
KPTJXQoI-j38c,CnOlecuH-MCjx,aP5pfzqg-xor5,26,110000,Mortgage,0,Venture,A,15600,6.17,0,0.14,N,4
tbH6LWOU-T50M,Gu5I5LQE-MkND,tXPHY11i-ixNO,34,84000,Rent,3,Education,A,9000,5.79,0,0.11,N,10
dp9O0OvK-Lr6a,iuWeMFk1-779a,9HclnAUb-HoAS,36,37008,Rent,8,Venture,C,6000,14.79,0,0.16,Y,14
Hds7B4Mo-233B,p0YYjhhN-UeAT,Zq8xAYco-iZXA,24,80000,Rent,5,Venture,B,10000,11.14,0,0.13,N,4
MePF4N1v-htWc,a8A6qqrs-i0F9,SesvvUwT-KIzR,26,32000,Rent,1,Venture,C,7500,13.79,0,0.23,N,3
4hphkPo9-YqDc,wgunoKp5-k5FR,5Gl11Sdq-ArRp,31,46992,Rent,1,Medical,B,11000,11.14,0,0.23,N,9
oArD4oX7-F4ZW,M4jwbCR2-S0RQ,fARXrroz-2fp0,23,25200,Rent,7,Education,B,7200,11.86,1,0.29,N,4
2qL2TpcA-3UO0,yyxAqFSr-rcKu,LoQ6fSUb-Oz9B,26,108000,Mortgage,4,Personal,A,9000,5.79,0,0.08,N,2
Joezq1nK-2tgU,pGvzqlN4-IT6G,iFX2O6WD-WpWs,28,77544,Mortgage,2,Personal,E,15000,16.63,0,0.19,Y,5
LLjwntfQ-c44w,RbbigFod-syks,MX5tKFZx-w71A,25,112000,Rent,7,Debtconsolidation,B,5000,10.25,0,0.04,N,3
guFdcytZ-qpxP,YUSJvJ6Z-Z1dH,RYDNSh6F-uKnJ,29,33996,Rent,11,Education,C,4000,13.47,1,0.12,N,7
yBfoLC8z-GQDo,nvBm4Q9J-i1iu,oDearF6M-xmwb,23,48000,Rent,3,Debtconsolidation,A,8000,8.49,0,0.17,N,2
ENljx3LO-IwEL,OIMuab69-ZP6z,nicQj109-ARg0,22,20400,Rent,NULL,Personal,B,5000,12.42,0,0.25,N,2
TenczLdH-GbAY,wHtKRCa0-NR75,X75IPvzb-zEnl,21,24996,Rent,2,Education,E,5000,16.45,1,0.2,N,4
yrL27Gzn-imvW,uQdCArAk-ISO3,zjwERmLe-r97O,31,65000,Mortgage,3,Debtconsolidation,A,10000,11.03,NULL,NULL,N,3
DqSErXLN-oOdj,QvObzTaI-X1ZG,CAzxipzI-nRDW,33,15500,Rent,1,Medical,A,3000,7.51,1,0.19,N,5
CGr8LFPX-mxsF,ifl4LsqP-5tir,QnYsidO9-QwXr,29,48000,Rent,1,Medical,A,8800,8.49,0,0.18,N,9
XRGm3xFB-jfLh,xqrCUZOz-3Q5O,jh3UFgWu-4Zfg,32,45000,Rent,3,Education,C,3000,12.61,0,0.07,Y,8
Rb8k12Zq-S58b,JyLwW0Ov-t1oB,L88dgHTW-gh06,27,24000,Rent,2,Medical,A,1450,NULL,0,0.06,N,9
AplH4Lwm-gyYK,rZoiEpPc-bciv,H7WZlXS5-Rjyu,25,90000,Mortgage,7,Debtconsolidation,A,6000,7.14,0,0.07,N,3
H466DrPK-BqOO,82LziRGb-kp5b,2HTeK8qK-KzCz,26,60000,Rent,5,Venture,C,3000,15.62,0,0.05,N,2
qOcqMw7e-cSEm,uDYkqUoH-hRNe,KZ88A61W-pFpI,24,60000,Rent,8,Personal,D,20000,13.87,1,0.33,N,4
CZWcNgWA-kbk4,FxGG9RvP-Le3z,MjTNYsmN-6qBc,26,87000,Mortgage,9,Debtconsolidation,C,25000,12.73,0,0.29,N,2
mvkJyvGc-yYuw,IKk1KTWI-y4IG,h0oDhLmM-OrEm,22,54000,Rent,4,Debtconsolidation,C,9000,15.96,0,0.17,Y,3
JUFNPjwk-aC8W,43JjwnEd-i6oe,5ojlBSwG-GKI8,30,30000,Rent,1,Personal,B,14500,NULL,1,0.48,N,8
D2p02PXU-CNuP,gwAHt9Jd-Tza6,EyDonijD-HEiN,25,35500,Rent,5,Medical,B,4000,10.99,0,0.11,N,3
dlUWseIw-3E6Q,6Fj8vXlH-elw6,5YG4x7QJ-GMeb,29,92250,Rent,2,Medical,B,13000,10.99,0,0.14,N,9
LTD2XdcS-ZCv4,iBDB52Wo-4WAb,ob9Yrlfi-Ocpc,24,65000,Mortgage,6,Personal,B,11000,11.49,0,0.17,N,2
zn8LhRLc-wIDj,vpOxBbKR-FeMn,pYfbz0UP-4SO3,38,35000,Rent,5,Venture,D,5000,15.37,0,0.14,Y,14
HNN6Grnl-fknG,qBFrloUA-XKUB,NuXchJo0-2dX5,24,75000,Mortgage,9,Homeimprovement,A,11500,5.42,0,0.15,N,2
Imsa4iFM-SIpX,Kjspkf6r-syIm,wv9Mo1cy-9veD,25,35004,Rent,3,Personal,A,5000,8.94,0,0.14,N,2
veRNJgmL-xCSy,pUFPe05Z-xXr7,FbzhMvqY-Z4Wj,24,60000,Own,9,Homeimprovement,B,15000,11.83,0,0.25,N,3
uYsLkgLc-OwH6,piKhYvXC-6Nw7,2Wht0eH9-fbh7,41,55000,Rent,9,Debtconsolidation,B,12000,12.53,0,0.22,N,15
fxooxxAu-CqDE,HCq3BaR3-I6BZ,t08n6DGE-DQFJ,34,47818,Rent,9,Medical,A,6800,6.92,0,0.14,N,9
Rzv4Ko2E-aZE8,cOn7iBRa-gLSa,4cmUaZTm-WHaj,27,89904,Rent,1,Education,B,10000,10,0,0.11,N,5
w3IPOuJk-kZCD,8flcEvDn-5FMq,YbHR0abC-5BuX,26,36996,Rent,8,Personal,C,9600,11.97,0,0.26,Y,4
DHFQCaZ6-efIB,3lC5fUi0-vSJ6,8KwoXehU-8ihO,22,41000,Mortgage,6,Homeimprovement,A,7000,7.9,1,0.17,N,2
9BpO8xuX-7q7L,HgQFR9vA-fMWf,lMQCPF2K-Dgod,29,38000,Mortgage,NULL,Education,A,15000,11.12,0,NULL,N,3
exEj5bXk-YT8D,mWTOyK83-cCaQ,RlCCEsvx-hwGv,24,15000,Rent,0,Education,C,2100,13.11,0,0.14,Y,4
GbljOUTf-748w,5vdXvPeT-FtiH,eK9NrLmg-zrOZ,25,144996,Mortgage,2,Education,E,25000,16.35,0,0.17,Y,2
RKAi5Bpd-A2hG,uADkJvTT-nGkW,xCzzcOkC-USuW,36,45600,Mortgage,6,Medical,C,10000,13.49,0,0.22,N,16
vbwEfJTD-LdID,CE0NeKdg-IICE,6ABpkht2-SdCN,35,52000,Rent,2,Medical,B,3000,11.48,0,0.06,N,7
iHar8HN7-1YkN,Sfj6mx0T-ixdS,XqGa4BKn-WWe1,21,45000,Rent,3,Personal,A,7200,9.38,0,0.16,N,4
4r0gkvs0-1A9y,kQnkKSED-jJkb,mj1m2ex4-dikh,26,85000,Mortgage,8,Medical,A,15000,7.88,0,0.18,N,4
1Y8Ek92d-n4Il,EiCh2wTH-uRs0,giSkG8vR-qaxi,23,66912,Mortgage,7,Personal,C,16000,12.73,0,0.24,N,3
bRYeof0L-cqHI,0Y1a64ag-4RLW,0T2YFLWb-IZze,30,100000,Rent,13,Debtconsolidation,A,12000,7.88,0,0.12,N,9
8OfZ06xM-pjmi,8FSX192n-7XWb,ohMpzXOX-JNbR,36,37000,Mortgage,5,Medical,E,3000,18.39,1,0.08,Y,15
YMB1FWwe-bQ5H,GNyRaC4o-3lp4,3nWiB3gK-oN4R,29,NULL,Mortgage,13,Personal,,15000,15.58,1,0.19,Y,4
7jluALwX-Ds7S,sQl10A1C-s9uT,Mk4NNELA-tIn2,40,75000,Rent,NULL,Education,,5000,13.57,0,0.14,N,3
rgHUJv2L-6UqX,ElwCZI3i-Zedp,Dvfl8eFj-9O2N,21,45000,Rent,3,Medical,B,9600,12.18,0,0.21,N,3
wpaSB5mK-kq19,zUuTLI6x-LSXE,7ek2yq4J-Oup6,24,28800,Mortgage,5,Debtconsolidation,C,5500,NULL,0,0.19,Y,3
WQz1xCtg-rQBx,Wx5Mn82L-Zz8N,ccLb7jaq-h2TA,23,NULL,Rent,0,Medical,A,12000,15.68,0,NULL,Y,3
s75pWmDa-xzk8,gePvbdiY-2COW,rUuBZnop-TJ2p,24,56000,Mortgage,2,Education,C,5250,12.87,0,0.09,N,2
r7gg0Ukx-SkjG,3K230qMt-1qjk,kWJLMt5l-AoyM,25,60000,Mortgage,6,Venture,D,8400,16.89,0,0.14,N,3
SlAQbthu-QeUh,QnzzY9Jz-8QYo,X67pnsaD-cDua,27,85000,Mortgage,9,Medical,B,24000,11.71,0,0.28,N,10
6gvkMnO6-uuqJ,KvWZcfUs-8W1E,neElFqPi-j5eC,27,55200,Own,4,Education,B,4000,NULL,0,0.07,N,10
mbqsZswZ-tAlH,gK4X6Np8-Y9xI,DiF4TOvO-pJ6m,37,117000,Mortgage,3,Personal,A,10000,8.94,0,0.09,N,11
e22stIqq-r39Y,hvnQD5Mv-PkfP,4kKSTxj8-nCTz,26,300000,Mortgage,0,Education,D,25000,15.33,0,0.08,N,3
23oBzcg5-ZiMd,4m2sAQOI-aucy,52xI5zYZ-nX3D,41,66000,Mortgage,20,Venture,A,10000,6.62,0,0.15,N,12
NtTgThjI-cGag,S3j7psOE-M0u5,UKiWbOIQ-8sLd,35,24000,Mortgage,14,Debtconsolidation,A,4000,7.49,0,0.17,N,7
Qo9bG7qs-rBqG,joLj1p0w-YsIR,0pI7tgKH-quBa,26,45000,Rent,6,Medical,A,3575,NULL,0,0.08,N,2
2RDFhRYK-Pfmh,fM4wDFZL-fZFM,oiPZG06v-npYx,25,55000,Rent,2,,,7200,9.88,0,0.18,N,4
mg8HIN8r-R0OO,UXvv4RWb-DuGk,kRmDjkfL-Himn,22,NULL,Own,2,Medical,C,9950,7.88,0,0.12,,7
uZlF4dqv-hY7d,XlTG9BxQ-sRYG,eipmYDTU-Folk,25,29000,Rent,5,Venture,A,10000,7.49,1,0.34,N,2
byqNuvCR-wCl2,DGGIKUXv-IK29,Lr5SHeZM-aUub,33,24000,Rent,NULL,Debtconsolidation,D,1000,14.91,1,0.04,Y,10
7aIcoNSW-R7PF,Kd4HOeC7-5PLk,KzXESYh2-FHIC,23,87000,Mortgage,7,Medical,A,17000,7.51,0,0.2,N,3
tsIjFW3T-MUyb,fArusKjy-hLc7,l3ysMnrx-uPM8,38,55000,Rent,0,Education,C,6500,11.03,0,0.12,Y,12
2XySxSMJ-NTtP,tk0uklLa-6CWl,Li76HStX-R5X4,28,36000,Rent,1,Medical,C,4800,12.61,0,0.13,N,9
nXxFkiUx-aSFn,B8XklpzX-EbAJ,Ik8zn1vH-b4wP,35,52500,Rent,3,Homeimprovement,B,12000,10.36,0,0.23,N,8
8gvQ3q3f-dBTg,ZHy68Zx2-8w5a,KxP0wsW2-XTUl,21,28000,Rent,0,Debtconsolidation,A,8000,7.51,0,0.29,N,4
qlAkDktn-BX8O,sy4FTN1i-OEaw,jj2ZzYmz-Gdq0,23,74000,Own,7,Personal,D,15000,15.99,0,0.2,Y,4
cTDz17U9-opsU,nXUKnwZO-T6qG,I2apZ8Lj-bzS9,38,48000,Mortgage,23,Medical,D,9000,15.21,1,0.19,Y,15
Xh97SmmR-T8tM,eHQDoQMi-dat8,DXyOidv7-gdbk,24,54500,Mortgage,7,Medical,D,8000,17.49,1,0.15,N,4
HfSoxpR2-BpGS,EFghUSJv-nj0e,upPqHIaA-c8sB,22,51000,Rent,6,Education,A,7500,5.99,0,0.15,N,3
AJuddx2B-Dcu9,pcIzPWkn-9TG1,D1szndL5-524v,34,120000,Rent,0,Debtconsolidation,A,2200,7.51,0,0.02,N,5
Ke9GAsjD-4ICN,p25AZZxp-C9Dd,OXFo4pfx-G9Rd,33,59000,Rent,17,Medical,B,9600,9.91,0,0.16,N,8
5fi1GWSO-oQcb,171BCjoL-pNcN,TmOA2QC6-xk2y,144,200000,Mortgage,4,Education,B,6000,11.86,0,0.03,N,2
zjfoYKKD-w0MI,qKflXH8K-hwKH,bkkFivp2-MCQn,24,88000,Mortgage,2,Personal,A,8000,5.99,0,0.09,N,4
mx4gENm0-pcWB,1U21z2cG-rz3O,IyBE3EtQ-wJhC,23,52360,Mortgage,NULL,Venture,D,15000,16.49,0,0.29,Y,2
8Knp74FQ-GUL7,tboFgU4p-pjAP,8ezuhXRl-5wg6,NULL,41160,Rent,2,Debtconsolidation,A,NULL,12.99,0,0.29,N,3
Xw48G3Ub-zfyl,rxjKKPyc-ERNu,9qAgSRYz-9TEO,27,37000,Rent,NULL,Medical,B,9000,11.11,0,0.24,N,5
cesBt1ue-1gFP,Jy0XpP40-MxpS,GoixrHQv-KY16,26,85000,Rent,3,Homeimprovement,C,21000,13.92,0,0.25,N,3
B6M8pG6r-vR6M,lpEkbiel-QRhl,XKBawSXr-ui8f,23,26000,Rent,0,Debtconsolidation,A,3500,6.91,0,0.13,N,3
qvOkUEew-AHlI,lji8xcaf-DhkD,jGosfFS7-dLtg,23,60000,Rent,1,Education,C,11000,14.22,0,0.18,N,4
7eFbeFRL-YLCP,s2GGoacb-scOr,mKs838Fr-n16e,24,42000,Mortgage,9,Personal,A,11000,5.42,0,0.26,N,4
86tCUMnL-Ndgy,NTuylvgP-OsWx,kmwu1ppM-Wvs1,36,24000,Own,5,Venture,C,4000,14.72,0,0.17,Y,15
frMpguAW-39fy,GODe0QNN-ZKkk,hFQNlWdT-dRe3,27,120000,Mortgage,2,Venture,B,16000,12.21,0,0.13,N,5
HHAk1O2c-CfSD,OqGcisXj-7GB0,gowRJZDi-o4Mk,31,42000,Rent,2,Medical,A,7000,7.9,0,0.17,N,7
sRk1dam7-RAKE,cK09cAdY-k7nh,0a7LiYSY-2FyX,24,85000,Rent,1,Venture,B,16000,11.99,0,0.19,N,3
LsyN5b4Z-XzFG,rcO7KQXw-7h6n,LjMbzTjl-U0LR,21,19968,Rent,4,Medical,C,5000,NULL,1,0.25,N,3
erNEFXxa-bNvp,r9hbS2qL-FXYs,DyiRLzN6-0CU1,23,28000,Own,6,Venture,B,7000,9.99,0,0.25,N,4
1NIBid6l-6J8r,xtJmMboi-jjXu,w1l7KE1W-0scY,23,50000,Rent,6,Education,C,3000,NULL,0,0.06,Y,2
lS7EZDe8-l1qy,raQG6dKM-nu81,WLPG6ayE-RptX,31,99504,Rent,5,Debtconsolidation,C,7500,13.57,0,0.08,N,10
YmB2Rnsc-oQ5h,xya09eZJ-67vU,gG4lcPsb-RM3D,31,48000,Rent,11,Medical,B,2000,10.65,0,0.04,N,6
fS3wBoN1-CERS,xntvz1ur-TDlv,xytY8drt-jWuD,22,36996,Rent,5,Education,A,10000,7.51,0,0.27,N,4
33dKLEQi-QvjJ,6qICDqLE-pyCT,v61RgJCs-FkaS,27,75000,Mortgage,6,Medical,A,10000,5.79,0,0.13,N,7
yWPx5hNL-ckyq,8MW0KJwU-pnhT,Qs0Em1Bi-1r9J,24,91800,Mortgage,0,Medical,C,16000,14.22,1,0.15,N,4
LoBc4fI8-geLM,6aCH8KFH-STI3,NKxnlqf2-NRRr,26,45000,Rent,3,Medical,A,6000,7.49,0,0.13,N,2
2SMkEiY1-lfZF,4kHx55U2-2mES,WbDt3jjL-cIfH,NULL,45000,,3,Education,B,16000,11.71,1,0.38,N,3
wrOGGFfq-ThKb,CTqlUWEk-ojGw,Fs7CGKHm-90Gp,22,62000,Mortgage,6,Education,A,17000,6.91,0,0.27,N,3
2kmJOaxc-P7qp,Jf59I55L-oW9H,Bb97KFAT-k0Fu,24,105804,Mortgage,NULL,Personal,,15000,10.25,1,0.41,N,4
O5mzA8KN-wtKC,ynZydWAO-txtl,LMaq9jH1-vlN0,35,273700,Mortgage,8,Medical,D,25000,14.59,1,0.08,N,6
8b5caH2B-xpiM,pYQuQ7Cz-IAJh,FmGcdv7M-ZIg8,46,80000,Mortgage,8,Venture,B,5000,11.86,0,0.06,N,15
bWBG5sxh-O8H3,914X1W2D-PEHF,gEPFdDtv-n6z8,21,45000,Mortgage,4,Education,A,5000,7.14,0,0.11,N,4
9oXdgps0-JS4I,dl06GuPo-mc2q,lHJyf1H8-48iq,25,26000,Rent,4,Medical,C,8000,12.87,1,0.31,Y,3
tCTRKxxm-wDbJ,UP0oMBGf-XBPy,wyi4DyTS-b9ih,44,95000,Mortgage,1,Personal,B,21200,9.91,0,0.22,N,14
IorcgtE5-QekT,fRxIdKZk-pHL2,O4Clqqu0-ZJ44,33,38400,Rent,6,Medical,B,10500,11.99,0,0.27,N,8
gMve8Jp0-bhd9,vSserwWP-yFvX,k5e8k4cD-6tSj,24,82308,Rent,4,Homeimprovement,B,15125,10.36,0,0.18,N,4
B2nfKCYa-720R,DRuOY2aw-3mGD,BdJUZKEU-OlYd,23,73164,Mortgage,7,Venture,B,1000,10.36,0,0.01,N,2
RYlPdw48-DoMH,hGFCoX4c-12rq,d1nUjKtc-NcAk,26,95000,Mortgage,1,Personal,B,24000,10.99,0,0.25,N,3
cFzLou13-ir4E,rBpycq3y-N0Zk,jmmOa1kn-UuzN,23,20000,Rent,6,Personal,C,4000,12.23,0,0.2,Y,2
sOAWbmA0-ByvB,9ddfna7A-7IQk,YMYqOBHj-xNjr,42,38400,Rent,4,Medical,B,13000,NULL,1,0.34,N,11
bID0K67N-vQW8,e7ynJKU7-HMr1,yr2df52L-C7Eq,25,28800,Rent,5,Personal,A,5575,6.62,0,0.19,N,4
Ab3rLGcx-rKAw,ueGtfdrd-8rFH,LIcbtTKL-lKtU,46,60000,Rent,10,Medical,C,15000,13.49,0,0.25,N,17
dN39htvu-Oymj,gTfKXGcK-FNsc,6TY3n4yr-iH2S,29,46000,Rent,6,Venture,B,4000,9.99,0,0.09,N,9
Qnm7zWkH-6vmw,l5bn5YEr-f5sQ,1SMDrPc6-zieh,24,54000,Own,8,Education,C,1200,13.11,0,0.02,Y,3
de8DYYMg-UDII,zBD1odBl-yij2,Y02IsKhH-m4Ts,23,36100,Rent,2,Education,A,5000,7.49,0,0.14,N,4
xwxxE1Wy-Q6DQ,TmjTYHWG-jIcA,u4ws8UqB-mjK3,23,52000,Rent,1,Personal,C,25000,13.22,1,0.48,N,2
fi5GAb2C-ONmG,K0rkrvkn-mQhs,HQ9biDtC-bare,28,62000,Rent,4,Personal,C,7200,12.99,0,0.12,Y,9
jo3C4TDx-Ic6p,x3QJ3E5x-NfdP,C5MB5nxl-aydo,23,72000,Mortgage,5,Personal,D,12000,16.29,0,0.17,N,2
8NMhnOSC-4s8a,bTZ8Mjjg-nxAH,ipranIax-lAKR,21,16800,Mortgage,0,Venture,B,6000,10.39,1,0.36,N,4
wb3E2g0F-z703,EkUG2O6G-xfA3,0KhyHOis-QXhw,21,28000,Rent,2,Debtconsolidation,C,6625,13.06,1,0.24,N,2
NC9ZQdd5-mWtE,FLYg4kvR-urps,ZXlwbMEQ-DTMM,23,120000,Rent,2,Education,A,5000,NULL,0,0.04,N,4
uHZxxrga-4y1b,ZvD91Bbt-GLpW,bsHZngMu-SRls,23,38000,Mortgage,5,Personal,A,5400,7.9,0,0.14,N,3
Nj9hQnpD-GxP0,M6dgIJsg-qyO2,CJwSToAj-nZo3,23,35000,Rent,0,Debtconsolidation,C,5200,13.92,0,0.15,N,2
qYZjnZTj-S2pA,svg8odFf-HK2Q,858XFQtN-UiXQ,30,40000,Rent,4,Venture,C,4500,14.26,0,0.11,Y,6
5fG907je-5S5m,mf5C2anE-Gh0N,ERUv3MHy-JAyj,23,120000,Rent,3,Venture,A,3725,8.49,0,0.03,N,2
TOPqZQSW-IBBf,FdCqvtLi-Wm4A,iJI0Wem3-W4ig,22,42000,Rent,0,Venture,C,3600,14.72,0,0.09,Y,4
lYACUeps-EMRE,NW5u1JmK-0oN5,GMJUW1D0-IJ6w,24,61200,Mortgage,9,Medical,B,13500,10.83,1,0.19,N,2
WEQav1ag-IUmr,Z6FaEKcm-0tAm,nonl7gLn-OoR3,32,101000,Mortgage,12,Debtconsolidation,B,8000,11.49,0,0.08,N,5
X5sLBe45-oCX4,fZbBIdZw-m7re,DttNX5Ti-K0jK,21,28000,Rent,3,Education,B,8000,10.99,1,0.29,N,2
ANN47XHN-EOX5,zEHz8Zcg-8BZE,27uDdIB2-XCm3,26,48000,Mortgage,10,Venture,C,13800,13.49,0,0.29,Y,2
syUGxA2W-JKyf,ElnqjWNQ-nxmY,ORLXXe5b-0vGU,27,78000,Mortgage,1,Venture,A,5125,8.59,0,0.07,N,8
3Yu6AUYZ-6S36,zsBsOqc6-tg85,ZAktpvgC-okxa,24,85000,Mortgage,4,Medical,B,2500,10.38,0,0.03,N,4
oiXML1g3-Nr4f,IDPCPi1n-3N8W,3ZD3RWvq-Ekpl,26,70000,Rent,3,Personal,A,6000,8.49,0,0.09,N,4
UjWau6ze-ZGBj,c1Es9hwF-88Zj,Q5DmyShC-z4MM,31,18000,Rent,6,Education,C,4000,12.84,1,0.22,N,5
Bs9uwXon-4AOu,0UIB9Lhp-bMLh,hN57kETt-r70p,32,84456,Rent,5,Debtconsolidation,B,10000,9.88,0,0.12,N,10
AeRvzZDD-jiIM,tXQnAaDJ-OK3m,YwYas1Nn-eMSe,28,96000,Mortgage,5,Homeimprovement,D,11250,17.58,0,0.12,N,5
xMY2BPI5-zPBF,dBh91gKy-D4FL,008C2FIu-sC1z,35,48000,Own,6,Homeimprovement,C,4200,13.61,0,0.09,N,7
2P7dOMMF-PXbg,AEHaMbGr-lGre,st8TnUW7-4We1,21,50350,Rent,3,Education,A,3600,7.88,0,0.07,N,3
wBIlOptl-jfvn,GmrY0YvB-GNOA,4qWQT7R6-qzXP,22,44582,Rent,6,Homeimprovement,A,4000,5.99,1,0.09,N,4
xmcKk4GB-QE3N,ZXsi9uSO-UFS1,2FiPf3k8-1bR3,22,69996,Mortgage,6,Venture,B,10000,10,0,0.14,N,4
3LCL4Kz8-yL32,uqLFp6TO-c8lH,GdLhW2Mv-7LAK,29,76000,Rent,2,Medical,B,7200,NULL,0,0.09,N,8
KNfDwLXg-45J5,8IbIvIcA-rcTz,2IXbyii0-DWsN,33,81804,Mortgage,4,Debtconsolidation,A,9000,8,0,0.11,N,8
cY5jOqvW-OFbE,xE4EvZSN-h76y,i0mCLk4x-HSua,22,57000,Mortgage,1,Venture,A,3200,5.99,0,0.06,N,4
648Ga7GJ-B5or,6QL4991Q-LtpI,L4fv53wq-CMQc,30,51000,Mortgage,6,Homeimprovement,A,6600,6.92,0,0.13,N,9
3jEm7UrU-hyKx,OFSUwPcY-TYO1,iu17fFXs-Kcmd,22,66000,Mortgage,6,Education,C,15000,11.72,0,0.23,Y,2
YnrD28KG-7wCa,SRrALMs6-QIEY,akoOEjeO-29Qy,47,85000,Mortgage,3,Homeimprovement,A,10000,8.07,0,0.12,N,15
Kka4fsF8-DQMH,7fR01Rkb-o0kD,Qj93Wmlh-vp9c,22,48000,Mortgage,2,Education,C,7000,13.48,0,0.15,N,3
IrQvz1vD-12us,SEWkFC4P-falp,upmeH4v7-na8Z,22,36000,Mortgage,6,Debtconsolidation,A,5975,7.42,0,0.17,N,4
M9nLPQSe-0ekv,oMkqHW4r-HrxK,cClZWipJ-lcri,30,140000,Mortgage,2,Homeimprovement,E,15000,16.35,0,0.11,N,5
Ml1kmqQC-B7Od,IUNxXWWk-QJHC,KSDquwLK-pPsr,33,56400,Mortgage,3,Education,B,8500,12.42,1,0.15,N,6
n0Jk3UO3-Ommp,Rmf3cyuK-c0TT,mI8AmH0u-flJt,23,60000,Rent,0,Education,C,11200,10.78,0,0.19,N,3
otDlTA7H-bmlv,JQ6SJhAf-pHjq,k51gvIzd-agno,22,40000,Mortgage,3,Debtconsolidation,B,7500,11.49,0,0.19,N,3
cTgPNN14-1cmc,PgKX0hM0-Hhgh,uE3WIvsY-tivq,36,24000,Rent,20,Debtconsolidation,B,10000,11.86,1,0.42,N,15
qpBF42xv-aNRw,kMzDQHiQ-LAWK,A5TXjSKp-EJHI,32,235000,Rent,1,Personal,C,25000,12.53,0,0.11,Y,7
h7vLdXH9-pWxo,Ajtoc58N-bnF2,hlnNmicO-22WA,21,33000,Mortgage,5,Homeimprovement,C,2000,14.27,1,0.06,N,4
CBJoDcXm-gkTn,zCiEfAUM-vGvX,u6Bmx1hp-PqfQ,27,39000,Rent,0,Education,C,8000,11.03,0,0.21,N,9
Kb4PsvNv-SGZE,Yn70yTJ8-Uq0M,WTWrFsEz-5pSh,31,40000,Own,0,Medical,D,15000,15.31,0,0.38,Y,10
vQeKi6jj-S7Mp,lxX6OwH3-4caY,UTlIhe5Z-C3Rx,28,90000,Mortgage,12,Homeimprovement,C,5000,14.79,0,0.06,Y,8
Ys5rJiJn-F0lk,7cdWHgBj-pEDY,kcUzGUwN-RWRk,22,42500,Rent,0,Medical,E,1500,17.19,1,0.04,Y,4
Af6D9iZa-cOqL,4atKuGoJ-vpH7,uqKLAfKW-nAk0,25,70000,Rent,1,Venture,A,5750,8,0,0.08,N,4
6gF0Q48W-9LLa,uKSMh7Jr-arGN,zyZrOPNL-QU2N,36,145000,Rent,0,Medical,B,25000,NULL,0,0.17,N,15
34pgm6v9-wwFt,Sge4oaPR-TdZ0,NW1cmQ2g-Yn83,33,66500,Mortgage,1,Education,A,NULL,7.14,0,NULL,N,9
BKXP8C3G-f0KR,Dm02tacQ-DrSe,cSKdy6Eh-eaWz,34,93100,Rent,2,Homeimprovement,C,8000,NULL,0,0.09,N,9
6jrsiCDU-M9RF,SHlORvQe-XKxR,50lwZWRO-MNag,26,67000,Rent,9,Venture,A,8000,7.14,0,0.12,N,2
DzXzUjEO-PeIq,aQrJ52hN-dCFG,2N46TsSR-PvsB,28,NULL,Rent,7,Education,A,20000,10.62,0,NULL,N,4
ZzjMu3Ax-Zn6U,nMmTtwUf-MEoq,5UehHITe-EICG,40,52479,Rent,17,Personal,D,6600,14.54,1,0.13,N,13
3AbzodvI-K2gj,n3LKTSPU-N8Uo,aaEpZ9Hf-UtMU,31,165000,Mortgage,3,Homeimprovement,C,15000,12.61,0,0.09,N,7
qa0vkfkz-XCOs,vzPg83AW-6GCP,9OnBuPvE-TUhl,21,30000,Rent,0,Debtconsolidation,C,1500,13.92,0,0.05,N,2
Lun1O9Yk-3Kcr,yi5KvzNs-tK8G,JG7Jggfp-tDpQ,23,55000,Mortgage,1,Venture,B,1500,11.49,0,0.03,N,3
m93mfew8-1F2C,0wHj7n6u-JfcY,gLdpvzPx-GRqz,23,39292,Mortgage,3,Medical,A,3250,NULL,1,0.08,N,3
rHkkOz6v-b6D5,Th5IcjTW-evcu,QwkWBI5U-bhnI,27,65000,Rent,5,Personal,E,7000,16.82,0,0.11,N,9
lkPCb4C5-uDdP,gzugnfEW-tOXE,od8H684N-22T8,43,54000,Rent,0,Homeimprovement,D,9000,15.65,1,0.17,Y,16
RjwQe0Pu-1Ttd,LaOnFKWd-peoD,7eY58xcX-eeix,36,79200,Mortgage,19,Personal,A,10000,6.03,0,0.13,N,14
w5B6ZJkU-TnMv,KHhUYOp5-dX95,ztc7dsmN-2rUO,24,65450,Rent,7,Debtconsolidation,A,9600,8.49,0,0.15,N,2
JkKRmhSJ-aYOK,O5S8SkOC-Mp8B,Fzbvi8dY-W7nj,22,38004,Own,0,Venture,D,3000,12.92,0,0.08,Y,3
OQjTZz3f-461u,QwXcNx4l-93C1,A8p05RvB-qMW5,26,70000,Mortgage,9,Venture,A,35000,7.9,0,0.5,N,2
SZJRuXdh-UfJI,ZMSgJLjy-TmnH,uszQ0Y0K-it3C,34,80000,Rent,0,Debtconsolidation,A,30000,6.62,1,0.38,N,5
sPhRnadI-m5WM,9D2I8rvA-NoCA,SBWNH4Nf-qE4I,25,75600,Mortgage,7,Medical,C,15000,12.68,0,0.2,N,2
Sh3byo2N-IzwY,HH4Mh2pt-qjFb,XQCJ56Xd-iIHg,23,55000,Rent,0,Debtconsolidation,C,10200,12.73,0,0.19,N,2
q8S2MG0G-vIph,JP2ZTOjU-muUp,KAfZ3G9t-T2ee,24,185000,Mortgage,8,Personal,A,10000,6.92,0,0.05,N,3
FbH0m7EC-vfKQ,kki4WOLb-o3fg,gyYzaYt7-4Gh6,25,80000,Own,9,Venture,C,12800,NULL,0,0.16,N,3
zvXW269D-19LF,OAp0ukkT-QYD4,hH4yp1Cx-cRjb,24,48661,Mortgage,7,Education,D,8000,17.58,0,0.16,N,2
xR9pcmNX-ecjB,N3d29NjA-fSts,tLDrn0sg-kNRh,26,65000,Rent,4,Personal,A,8000,6.92,0,0.12,N,4
KIrKKRKX-2SxR,hHR9tguE-x0n4,coFqYHBY-qvbF,24,86400,Mortgage,2,Debtconsolidation,A,12200,7.29,0,0.14,N,3
MCTnkovx-OkZI,1BNbfBPb-9no0,wQFS87yA-69IY,26,59600,Mortgage,9,Venture,E,21000,16.45,1,0.35,N,2
Za9vFLAg-4shL,7AbH93HS-anUN,nTNFgHRQ-35xj,23,66000,Mortgage,8,Education,B,8750,9.99,0,0.13,N,2
FESrhmDv-zXX1,Z2qKnAfU-4rKT,lm1n8W3p-mPi8,26,97000,Mortgage,5,Debtconsolidation,A,4000,6.62,0,0.04,N,4
KI7BqsSt-Iavt,9oWRTWUT-L49X,HvtjOceb-inOW,21,39000,Rent,4,Education,B,6000,10.38,0,0.15,N,3
4PQSMD5c-n9J5,jIN59Fcd-GxN1,wY17bFvU-75Py,23,46000,Rent,2,Venture,D,6800,15.65,1,0.15,Y,4
EbK8pAhP-qrNe,LXTSCpdW-veiT,oZwyvw1E-fN0S,24,50000,Rent,6,Personal,A,4000,7.66,0,0.08,N,4
tTlOHrbr-pSeK,1eD8ner3-JYWP,2MFddhup-MMb1,22,54000,Rent,1,Debtconsolidation,A,5000,6.54,1,0.09,N,3
D8gmZGcQ-TnNf,onbJ52GL-EikZ,DGcbYEi1-EP26,25,130000,Mortgage,5,Venture,C,20000,13.48,0,0.15,N,2
wfoF4hsy-sPIH,gXsECNoE-7d2r,yI3nJJWF-1GpQ,32,40277,Rent,5,Medical,B,15000,11.71,1,0.37,N,8
0YxewUDY-ulIk,BbwgfTz5-19Lw,ghLeZ5Nv-1lvT,26,21000,Own,4,Education,C,8000,13.79,0,0.38,Y,3
qlWL5n7v-00z9,w6OC79WL-49ZC,M4zrvEh2-v0UC,27,50000,Rent,5,Venture,B,12000,10.37,0,0.24,N,9
4fXmWjJB-zGmt,MtShFnZa-oaMO,izxP0wrw-owKw,21,27000,Rent,5,Medical,D,4000,15.58,1,0.15,Y,2
KERy1kyl-jutD,PKWbovnW-oxoi,HNp70km2-FOHd,26,48000,Rent,2,Medical,B,10000,12.21,0,0.21,N,3
QCdqR1tt-Xfvx,JZKpZrkM-Ingd,3SRCLXtX-9Fjt,22,39860,Rent,6,Personal,B,8000,11.11,0,0.2,N,3
dFimbEm6-MqeJ,iMZJL9pS-vRPU,t14nQyu7-LdEp,31,102000,Mortgage,5,Education,A,4000,7.88,0,0.04,N,10
ZciGAj68-TQgU,3yHhWhrM-EaIu,B6LKqGw3-M7o5,22,21120,Mortgage,3,Debtconsolidation,D,1625,16.89,1,0.08,Y,3
izH1rjtT-aKsE,jeW64J8F-LUiC,8ZZw9H3h-3G3G,41,24000,Rent,2,Debtconsolidation,D,4000,16.07,1,0.17,N,14
jgejgj4Q-T2mX,nwNw9KhT-xSE4,Qd1z2fzs-XCRq,24,70000,Mortgage,4,Education,B,21000,11.99,0,0.3,N,4
lDA8rpHS-BnvK,CjLuU6Eb-t6oK,NFxlA8Yf-pGM9,26,22800,Rent,4,Personal,C,5000,13.57,0,0.22,Y,2
lvzTqo8e-r7BJ,gG6zRccB-QEYq,2hpumX4i-XgIK,32,85000,Rent,7,Debtconsolidation,B,6000,11.71,0,0.07,N,5
g4Mr3Ive-qybd,7bHzQtAW-fsii,j6ZJWBKr-2hnm,22,35000,Rent,4,Venture,C,1000,NULL,0,0.03,Y,3
PNlHUCQJ-sTvh,MTbIgivY-X0Bc,awJl31K9-Jtsv,33,156000,Mortgage,4,Education,A,2400,7.49,0,0.02,N,6
oI4mI4Sh-QpUx,qr2Q7QxW-jAE3,ayPqhqar-7YAP,30,66000,Mortgage,15,Venture,B,15000,11.14,0,0.23,N,8
Q7EDyO67-LI4X,I0bHATPC-yIXP,bqikDm84-fSMv,31,190000,Own,8,Education,A,15000,6.03,0,0.08,N,8
ldNGslLe-Rrer,p0LegE4F-7OjT,HxjlmUMk-XOUF,22,18000,Own,3,Personal,A,3000,7.9,1,0.17,N,4
x8ovO8cg-Yhgg,v8W6fnE7-HWxY,x8v512L7-ET4m,30,9600,Rent,NULL,Personal,A,1800,5.99,1,0.19,N,8
4kc1SNie-l58o,OMFh9Hc3-h9LH,NfiWEpwr-U6Tc,31,56000,Mortgage,4,Medical,A,8000,8.59,0,0.14,N,6
cYWEAiJj-l0I6,vU7qaQ6Z-tM32,LYx9TPCe-tE2E,23,90000,Mortgage,7,Personal,D,15000,15.31,0,0.17,Y,4
ySGnK6Kf-wGSh,iMIm07tx-6s0C,crTzPL6G-ER3c,25,39000,Rent,3,Homeimprovement,A,2000,7.66,1,0.05,N,4
4Fif2eAI-kN8g,I2mvWsdq-WaAc,YZj9wqtk-k7qT,36,62400,Mortgage,13,Venture,C,14100,12.98,0,0.23,Y,14
a7Grs2fc-guBt,ckWELB4R-aSer,25cwXKPq-IwLg,29,55000,Mortgage,1,Venture,A,12625,7.9,0,0.23,N,6
ICprTb6t-yPXf,1lafB6Nt-Yb9L,5JiaDi9D-tg1l,25,42000,Rent,3,Venture,A,18000,6.17,1,0.43,N,2
cFCLRU7N-rndh,Skm8QDBX-dt95,nkAjuZDA-2sMm,26,21600,Rent,0,Debtconsolidation,B,5000,9.99,0,0.23,N,4
CEWhSAoE-iCzZ,B0x1PCB4-elXn,DfhTWaiF-brp9,27,113800,Mortgage,3,Medical,A,7500,8.63,0,0.07,N,10
YwpscPjN-RyGi,oRnThfJH-8EDo,Euaik5Ct-RgtN,39,32000,Rent,NULL,Venture,A,NULL,11.71,0,0.12,N,3
2YbxH3jQ-simk,iDMvnFJD-B1oi,Wcsvj4l2-rpwN,35,50000,Mortgage,0,Education,C,5600,12.53,0,0.11,Y,7
6ISQjhEW-1lHT,Ot7L2Jap-Z517,Iigvlx5q-BzTH,NULL,47000,Own,8,Venture,A,6000,7.9,0,NULL,N,10
KhgXapUj-nxIN,qL6ybXzN-ySst,8r3UfTxk-YRz2,22,51996,Mortgage,6,Personal,A,6000,7.88,0,0.12,N,4
lxeHQ8ct-29eG,7uFREwTa-RQlm,4J0fJGse-1KwR,21,14400,Rent,2,Homeimprovement,B,3000,9.63,1,0.21,N,2
bLqXWP7z-WAC0,nSNoRXzx-r7L8,Tbl42wPW-01Jt,23,40000,Mortgage,4,Personal,B,6000,NULL,0,0.15,N,2
Dt0bhEHM-Ua6p,njo4j6Kf-ukba,K3Zar92f-Obj7,24,110000,Mortgage,8,Personal,A,27300,7.51,0,0.25,N,3
61ttIJCf-C4fE,TFs6R9cP-sAcA,dk0QWFPt-FbZt,31,82656,Other,10,Debtconsolidation,C,6000,12.09,0,0.07,Y,9
kYAmrFbp-E8O5,Aqr1Rdft-N9hr,7EWsPuUa-DpDj,23,69996,Rent,8,Education,B,13000,11.58,0,0.19,N,3
D2Ls1bE2-6p1T,vb1wahP1-DxUp,akcQLWec-H9s3,40,81120,Mortgage,1,Education,B,24000,9.25,0,0.3,N,15
RbC5DLyf-5EW6,oLW6vbWF-LqIL,fPHlhrRP-jiKD,27,44000,Rent,6,Venture,A,4800,7.51,0,0.11,N,10
Z9qaIf3v-SFvz,6yYvHAZt-moNZ,pBjp7cKY-RZgr,24,57600,Mortgage,NULL,Homeimprovement,A,3300,5.42,0,0.06,N,4
OfSyjqUd-eDiy,kE0HYlpY-m6uF,51hPYzH0-Lho5,23,37000,Mortgage,2,Education,A,10000,7.74,0,0.27,N,3
o8CPxzyy-BZv5,qjhafour-yFlT,BHHUzeUi-IwLJ,23,47000,Mortgage,8,Venture,A,7500,7.51,0,0.16,N,4
appCZ4do-LtKX,9b9Yilpd-jSTb,hdD9yDrn-N1Oy,29,62050,Rent,3,Medical,E,15000,15.95,1,0.21,Y,8
oHi3aLmt-QE1P,95TIe3ew-tiTO,qUwNHuD1-JiLE,34,62900,Mortgage,11,Medical,A,18000,8.94,1,0.24,N,5
iFdfdn1i-D4va,f9skH1tU-cxo8,c7jcC2yj-luly,33,34000,Mortgage,8,Homeimprovement,D,4750,NULL,NULL,0.12,N,3
g1MRqxkK-J9Qs,NGiyMzn9-8c15,crUrpxPP-xEKt,28,85000,Mortgage,2,Education,A,15000,8.49,0,0.18,N,7
NMM3lOsP-wxYs,SULajAlQ-dKPd,MQTFgdl9-WiXQ,23,105000,Mortgage,4,Venture,B,19000,11.99,0,0.18,N,3
FgHCuUnC-4xZz,TO7279nq-6DSH,vNG4nrAm-Zqkq,28,120000,Mortgage,0,Education,A,1000,7.12,0,0.01,N,5
PjUX1ztq-uAx9,92AwYjiH-0QCs,J4FgsdDg-uxqX,22,34404,Rent,2,Debtconsolidation,D,7500,15.05,1,0.22,Y,2
fiHGlxc0-WqBp,aWwkj61l-xu0j,QXDko72w-2IZv,25,31000,Rent,1,Homeimprovement,B,3000,NULL,1,0.1,N,4
tBTFBNkS-d7if,gzgMHAHu-KTn0,eaKgmEjT-v35O,23,90100,Mortgage,7,Medical,E,21600,NULL,1,0.2,Y,2
PptOP3tx-8rOz,3OMDW36T-7SxS,90Jwp3uF-wi4R,23,40000,Rent,7,Venture,B,10000,10.36,0,0.25,N,3
uH5djuO4-xXxt,DB08ruqn-rtUT,8ITbbnJL-xvaM,24,115800,Mortgage,5,Personal,B,12000,10.99,0,0.1,N,3
LJk5ZYtK-KGzW,kHMD3UYm-lzde,hg9WuMab-id81,21,27600,Rent,2,Education,B,3000,11.49,0,0.11,N,4
B2r7BZjc-UMNt,KaO7e98q-Tiig,alkMGwgH-Gj4f,22,58900,Rent,2,Medical,C,14900,13.57,0,0.25,N,3
N4PRpBTI-sbi6,IfQy9bbl-A9JI,gD2jbflH-d0HX,29,35000,Mortgage,14,Education,C,8000,12.68,0,0.23,Y,9
eNJ3kKhL-SF5g,YZSx4gA6-rYmG,q7j4wloc-2MG1,24,39000,Mortgage,3,Debtconsolidation,D,4150,17.58,1,0.11,Y,2
CfLqge5g-Nbdq,TBIOfaZj-TYwE,q6clDbcW-6RsE,34,42994,Own,7,Education,D,7675,13.87,0,0.18,N,8
mKoJbC6b-SZn4,fgA16Q17-8zeO,QS0el12k-DzFe,24,60000,Rent,4,Personal,B,12500,11.49,0,0.21,N,3
6chcGqLM-rFFg,tT6MJ0pC-om8o,o4PNxmwt-sKMd,21,38000,Mortgage,5,Education,C,7000,13.49,0,0.18,Y,3
uCSzWofh-TCTH,2oqzc1GT-rEL0,a2fGoxfW-y2Hm,29,18000,Rent,5,Homeimprovement,B,5375,12.69,1,0.3,N,9
hspjFhNQ-NKdS,Eg6gYFw8-vKAs,QQkMedQL-MEnl,24,32000,Rent,4,Homeimprovement,B,12800,12.42,1,0.4,N,3
gRyvBIED-jG2o,hit6hwQf-oTxi,8GDtLwGj-qC7g,26,83000,Rent,1,Debtconsolidation,B,12000,9.99,0,0.14,N,3
yuOXfaJ9-k8ea,C9TKIQvt-qvyy,NYUSx9rb-Xdkp,NULL,75000,Rent,2,,A,10000,16.89,1,0.09,Y,8
HbrydfnA-9ICw,Xd1j7BSM-wXP7,FFlqdskU-IB8N,31,37000,Mortgage,12,Debtconsolidation,C,22000,12.73,0,0.59,Y,7
rN4uqEAp-hQ3t,WRIZRGDT-QI76,v0hzEdfK-OMzy,28,33000,Rent,0,Venture,D,3200,14.42,1,0.1,Y,6
6ypw6dI0-ERWD,xgHno9ru-tsbg,PLC1vac4-BRhh,23,42000,Mortgage,1,Personal,C,5750,13.57,0,0.14,N,2
lYgijchD-InJH,vlnCJDPj-J0nX,22lKsuG2-GsXM,23,65000,Mortgage,4,Education,D,13600,15.62,0,0.21,Y,2
wye1UqLm-dXDY,YQ6LX3K4-a8fX,1d45s3hf-Zlpm,27,105000,Rent,1,Homeimprovement,B,16000,NULL,0,0.15,N,8
NzsjcEnb-M4Ck,oD4S5Hcb-oRMl,Yigun4n2-xXpQ,24,54000,Rent,5,Venture,C,21600,13.49,1,0.4,N,2
fnvwivqk-nzJ0,eKlLKCtf-7Hcg,RqGha87z-4A6u,26,95400,Mortgage,8,Personal,C,5000,12.68,0,0.05,N,3
njxFDuCE-v1Nb,ZYplg4dP-O7b3,40qlhA7j-5biQ,23,75000,Mortgage,4,Medical,C,16800,13.47,0,0.22,N,4
3WJPPaUe-uaML,OdvqMRpk-Dx70,lk33Hcjz-gLo8,23,98000,Rent,0,Education,E,10000,16.4,1,0.1,N,2
xbiymZaK-LlCl,0y7L61U3-1inS,BqWaLRJM-fpv4,22,70000,Rent,3,Education,B,22000,11.36,1,0.31,N,4
4J1YUI1F-Um5W,Nn2nytEl-4riU,s3XAXqXb-I20x,25,44000,Rent,9,Medical,C,8500,14.27,1,0.19,N,4
d10HdjX9-xlsy,6E2FlXRc-5h6X,Y35IUP7q-3ApP,24,41000,Rent,4,Medical,C,15600,12.87,1,0.38,Y,3
KXsy9ncj-3Jls,ER2IiSpo-pu8C,Ieeq8pwl-8Gtl,22,26000,Mortgage,4,Personal,B,4000,9.25,0,0.15,N,2
jmIXJZdD-gnY5,wlxhhsrs-PnaU,ZFo8DuPA-vFGk,28,66000,Rent,12,Debtconsolidation,A,8400,7.51,1,0.13,N,8
XhdFe9as-5wy7,7QM1t3Iu-129J,98NvNDM0-yENA,22,39000,Rent,5,Debtconsolidation,B,13000,11.83,1,0.33,N,4
KESeH1bJ-99pJ,BaaetqAB-UUFx,GWCloQ1g-fFtG,26,80000,Mortgage,0,Education,A,6300,5.79,0,0.08,N,4
83OBDo5r-A4tC,OubEnLZe-wDLj,FM8uNM7n-yUPf,31,110000,Mortgage,5,,D,19200,NULL,NULL,0.26,N,2
0L8It5WY-3xfB,jBFUMl3U-JjCY,1lA23mCx-NBJI,29,25000,Own,5,Medical,C,10000,13.49,0,0.4,Y,5
YxUBeWky-GGkJ,1qt3AAfi-bXSp,XwhPEM5k-2TCd,25,60000,Rent,3,Personal,B,24000,10.99,1,0.4,N,4
XkE7t3K9-Ucvv,lJImiSOa-bSBw,NtJxLMEn-j5Ek,22,70000,Mortgage,6,Debtconsolidation,A,8400,6.99,0,0.12,N,4
UgR4tvID-FkK7,7agW3GNv-CH5u,Kgz96sRx-Rqtc,25,43200,Rent,3,Venture,C,3000,13.8,0,0.07,N,2
2JCHK1TI-6z4n,WDw01vzY-XBJc,ujOfmT42-QvcL,24,43995,Rent,NULL,Personal,C,7400,13.99,1,0.17,Y,4
ulm88OXn-p0GD,jimKo9jm-fPwx,xKBkGmh9-nbCa,26,51000,Rent,3,Homeimprovement,C,5500,13.49,1,0.11,Y,2
QpOD8DB5-dd4z,7XbvknMr-D6oi,abAh453m-BIcU,22,49536,Mortgage,6,Education,A,5200,6.62,0,0.1,N,3
JijTiE2E-8O9k,OALfHQpY-Gr18,teQLoQlS-o46k,27,22896,Own,1,Medical,B,5000,11.48,0,0.22,N,8
x3oR45Uy-UhsU,qINadLtE-fSzR,A1sul6fL-Hrqy,33,59000,Mortgage,6,Homeimprovement,B,5500,9.91,0,0.09,N,9
A7bSNUIY-Tsun,oOHPi9CN-6UEN,9fS6JDBm-WHy9,34,105000,Mortgage,14,Venture,A,12000,6.99,0,0.11,N,5
qERSQWwc-0CHs,rWe1vLro-Gcsd,keQrwDp1-G039,21,35000,Mortgage,5,Education,B,1500,9.63,0,0.04,N,2
GzcBCKdG-dlTI,XQr7d7SQ-IC2p,P3fhp7Sn-E847,33,68000,Mortgage,9,Education,B,2100,12.53,0,0.03,N,9
3rGQazoA-kBiD,OyAAlpC6-EInU,UPSmiEGt-zbtm,22,25000,Mortgage,0,Homeimprovement,B,3000,9.99,1,0.12,N,3
YdiGpOlf-LrDv,P2To1Ezf-erHI,tGL59Suq-PNYy,25,98400,Rent,4,Personal,D,16525,15.28,0,0.17,Y,3
PQxIhmC1-3Pxk,YZggPRv6-EDsd,SI0ZSs24-cUZW,22,50000,Mortgage,5,Venture,B,10000,10.36,0,0.2,N,3
K7zoRhxn-eb7l,0Rqls6p8-2YNy,lRo3zwU2-PRH7,28,20292,Rent,3,Venture,B,3900,12.53,0,0.19,N,9
Ci85x6r5-W7st,CicwQQcF-Clrk,SdiRIqwz-bl4b,24,85100,Rent,3,Education,C,15000,NULL,0,0.18,Y,2
8XLzWuJ9-N4MS,Mye8rftc-CCmr,LTWXvTbn-rncn,24,29435,Rent,8,Venture,A,12000,7.66,1,0.41,N,3
5GliNI6X-APt4,rPGe52Oi-ZaYW,DSF0kyqw-ICnQ,23,25000,Rent,0,Personal,A,2500,6.91,0,0.1,N,2
qNQempK2-58vs,QepKUEDU-lMBt,WAAw0KI5-LYTa,26,75000,Rent,5,Medical,A,20000,6.91,0,0.27,N,4
HXmSU7Rx-abZA,h3trmk4v-qLOK,ghDqivHM-plPr,23,28800,Rent,5,Personal,B,2800,10.38,0,0.1,N,2
9phgp4wB-Y9ZA,ysi0Hszx-tcUd,Cd90H4Ci-8n9j,32,40000,Rent,2,Education,A,7500,8,0,0.19,N,6
0aYA31zb-E5nw,Gw8X3ik5-kpvg,sK9Z0Su3-ByoJ,25,61680,Rent,1,Venture,C,7600,13.23,1,0.12,N,4
1okSWYWE-x6M4,wmt4OFFu-kCBd,9akpO1j8-z0oN,27,44004,Mortgage,2,Medical,A,10000,6.92,0,0.23,N,9
ykcaNGur-pRC8,gWdfXnu8-3rJz,lcmdCI8E-w1PK,24,81996,Rent,1,Debtconsolidation,C,4000,12.53,0,0.05,N,4
Yuc0FgAe-GZKs,RJNrkYJ1-fgWD,AhWPwRM1-RSIu,27,63000,Mortgage,11,Education,A,1700,8.49,0,0.03,N,5
oLb3wjJs-1JyG,h0RK8hu3-CzTg,Diry0zQP-BZI4,24,141000,Mortgage,0,Venture,A,10000,5.99,0,0.07,N,3
HCxQBsMB-zUSO,DHcGkjMF-BIuN,E91QBmsN-rDPw,21,NULL,,6,Medical,A,7000,10.99,0,0.11,N,2
idJGorH8-pOCj,fa5fEHxT-JIPg,Qp47PuY6-jfOM,24,74000,Rent,7,Education,D,8000,15.62,0,0.11,Y,2
G4UNjSG9-MYnA,9u9f4m4R-8XB9,5hPREiyx-KPPG,28,12000,Rent,1,Homeimprovement,D,1000,16.32,1,0.08,Y,9
rPZejxLe-MwwS,ZqAwMCSM-JqZj,6O5uXYg6-wnPR,37,108000,Rent,0,Homeimprovement,E,20000,16.32,1,0.19,N,15
rhzgCPx3-I0uc,b6msoolM-p2o6,USIrHLBA-HCR2,25,32000,Rent,3,Debtconsolidation,A,3000,8.94,0,0.09,N,3
dQ4ZZDas-08zN,PwLwSUnc-0jii,Fg5uaXT2-QfQm,26,64000,Mortgage,9,Debtconsolidation,D,8000,12.17,1,0.13,N,4
JQ5Ak42k-FPCW,kooL1Skg-Cgia,fxslUJlm-nOgD,27,110000,Mortgage,3,Medical,A,4800,7.74,0,0.04,N,7
xXlaYT2K-JhE6,hpPuC4Gk-48Q6,EcTcPlkb-aij3,25,90000,Rent,2,Homeimprovement,B,12000,11.48,0,0.13,N,3
IIYq8rNJ-IyXH,tSXhifoN-8hac,JvveXTSq-pyvj,29,33000,Mortgage,5,Venture,B,4200,11.36,0,0.13,N,9
oF5yFksF-XOBh,0ZtJ11nO-s4RN,bGs3va2d-J64j,24,42000,Rent,9,Debtconsolidation,E,3000,NULL,1,0.07,Y,3
lOWbZyCb-AUWU,LRuACL8s-chXD,xzg2Np7U-k0an,27,75000,Rent,3,Venture,B,12000,11.49,0,0.16,N,5
x1TuUHMJ-jKB3,MXKUjggU-3iZu,bo57ISuW-kOt3,24,45000,Mortgage,2,Personal,A,7200,7.29,0,0.16,N,4
Dgc1W7Zr-FiEg,sTeWZBnu-QfFZ,rqjB7W2p-SR3N,44,80160,Mortgage,13,Debtconsolidation,C,5500,13.92,0,0.07,Y,13
dGGmbOnT-QPn9,x0bloMky-wRcp,N5Wt5Wv9-B17P,21,37000,Rent,0,Personal,B,4000,10.08,0,0.11,N,3
hmDjAxyl-mxOd,Q3Ev7Y8w-iMrr,naf6ZRb5-3HuE,25,47000,Rent,0,Medical,B,8000,NULL,0,0.1,N,6
fNSuDNnf-70lT,uQdOlJXo-itvO,TRgEgWt1-S4qu,33,60000,Own,NULL,Education,C,10000,13.98,0,0.17,Y,6
7mjL9GMI-aP7X,oHRlJ1or-ZOwp,LrzplieH-sOgw,41,28000,Own,9,Education,A,2000,7.74,0,0.07,N,16
bMFxuibh-bOUb,laIx7Qg2-WsxY,dzUb6e3m-lP8q,30,50000,Rent,4,Personal,A,6000,5.79,0,0.12,N,7
1PYXXwkQ-cBCH,FJygP73l-4XAm,fNPrwmOr-4Tc7,41,50780,Mortgage,14,Personal,B,6000,10.99,0,0.12,N,17
yTtvPytl-RNTu,hOHfStO4-Xf3L,OMmLbmUm-bxci,24,43200,Mortgage,0,Education,C,10000,14.26,0,0.23,N,4
UEUPY5Ek-pj9X,LmAWWoqo-c9w7,j06x2SYk-I5XL,25,128500,Mortgage,1,Homeimprovement,C,15000,12.53,0,0.12,Y,3
6PETKngf-Bkcm,xJ2gi4DT-xYDk,Io8ewRco-Cfrq,34,70000,Rent,19,Medical,B,2400,11.99,0,0.03,N,7
UST3A1hd-P2eb,xAZypWnB-o1j5,KSmlLAyl-Ijar,32,48250,Mortgage,3,Medical,B,8400,10.74,0,0.17,N,6
CIgpq6zv-ivZ4,jbs6YNEk-hd8H,L1PAn5bR-2DEl,24,80400,Mortgage,5,Personal,A,12000,5.79,0,0.15,N,2
G7yx3X1J-YUYa,Wi9mpRFK-I7HE,NrTWYDrq-EHmG,25,37000,Rent,1,Debtconsolidation,F,4200,NULL,1,0.11,Y,2
z4DtmQ9C-C40F,926JOHRK-USz1,cGLjxwsW-17Wl,21,30000,Rent,4,Education,D,3000,16.32,0,0.1,Y,3
mr5kzNEs-CSqa,MyjDOZgv-m2Wl,ecWSI5oO-s3lg,23,45000,Rent,2,Venture,B,14500,10.36,1,0.32,N,4
Kif10v5M-iKBr,szeWxFmy-wfCB,Pv70qr19-evF1,21,17916,Rent,1,Medical,A,3000,6,1,0.17,N,3
LCNRM0Pu-lqKa,aMiEffZW-avsL,kczr9Hp5-P3tE,29,40404,Rent,4,Venture,A,1800,NULL,NULL,0.04,Y,3
NnUxnTFv-3WH6,CQY68Zzo-U4qt,UfoHDbaq-fqIB,28,58000,Rent,3,Education,B,12500,11.71,0,0.22,N,7
S2elOxRr-I5DJ,NAewTBYi-TyUr,va2s6TDG-JBee,25,82000,Rent,2,Personal,A,9200,6.03,0,0.11,N,3
E5gI1JeC-f2Nl,HFnZlxs9-Npl0,stEDHyZG-71WY,30,42886,Rent,3,Personal,B,12000,10.59,0,0.28,N,10
Ko71gBhL-87UE,hpYgYwk6-B4j9,DCCB5IJG-BI8Z,31,121000,Mortgage,2,Venture,D,12000,16.29,1,0.1,Y,6
EaWRHSw8-pki5,p9yWJqte-f3D3,oB6CnXSv-aPHz,26,30000,Rent,0,Homeimprovement,D,1500,14.61,1,0.05,Y,3
vdqSwJvz-2l8I,GXF8tn0A-9ifP,bT599AIf-RXLq,24,37000,Rent,3,Medical,E,5000,16.45,1,0.14,N,3
8ll815fx-1u6o,qX9O819l-EPZM,ddoYoKLK-0nW8,23,70000,Rent,3,Venture,A,12000,7.9,0,0.17,N,2
WyMywUZd-WtEU,SyNpRWMf-IBFE,fkdREc6l-hJtO,26,28800,Rent,4,Medical,A,7000,5.42,0,0.24,N,4
z3Ke73sT-fY5k,bNGX8c5e-XnK7,hRyF4vKu-NslC,29,53313,Rent,13,Medical,B,19850,NULL,1,0.37,N,7
BCvpLAnj-gT0r,cy2fBdkc-Kmnb,DrrDeWB3-s7kA,46,35004,Rent,0,Personal,C,4500,12.68,0,0.13,N,13
XKSyD3Tk-n1vD,EQQT16JC-eg0Z,RK0NzGps-xjHR,25,63000,Mortgage,0,Personal,D,25000,13.87,0,0.4,N,4
FwamM7qG-pPmE,3LOr0WLu-TtkI,zP78RLso-2XrN,27,28800,Own,0,Homeimprovement,A,13000,6.92,0,0.45,N,10
q3qfKy2d-A66S,z3xh4qSY-RKSF,IcyUGuqJ-XWMS,24,90000,Mortgage,8,Homeimprovement,E,24000,17.56,0,0.27,N,3
40EP3UGE-bqYD,DHYoUdFm-3G1e,GGOcjIuZ-KI0D,24,36996,Mortgage,7,Personal,D,7800,NULL,0,0.21,Y,3
4CRkZMMd-ZZJ2,M4fyUnN5-3f5j,jsWOL7LQ-2erj,26,22406,Rent,5,Homeimprovement,A,2500,6.76,1,0.11,N,2
Tap7AUBq-fN0G,HNBinI2d-zU1Z,1a8gQzXw-CEQA,29,159996,Own,1,Homeimprovement,B,10000,11.86,0,0.06,N,7
8c81cG9o-aYn9,591GG2lB-WHvZ,9EOFIOGR-Py2O,31,42000,Rent,3,Medical,B,5000,11.86,0,0.12,N,9
s7hSvu2M-fZfX,Jh1EzZe0-Rlvv,8ImsZY00-lKwZ,26,116000,Rent,10,Medical,B,19800,11.48,0,0.17,N,4
J7im6qB5-nHvZ,itQ8aN7C-3Z1x,yZUOURrv-8Qzq,27,52656,,NULL,Venture,B,10000,10.36,0,0.14,N,2
q11Oy3be-Jrwn,XM4dIM6r-jmZN,emUEjqn5-KW4F,27,30000,Rent,3,Personal,A,13000,7.88,1,0.43,N,10
LIxQSACH-xQlB,uvwnfb7n-o6lT,6QrF4sYm-m7WZ,24,30996,Rent,7,Venture,E,7000,16.63,0,0.23,Y,4
TpxbgZSH-HxYX,E13FBJnt-2lop,7AO2XFFP-2WFZ,23,30000,Rent,3,Venture,C,6400,NULL,0,0.21,Y,3
hZ5odep7-TPW8,2nq4xx7n-wN0u,6fZFRb0D-HY1O,24,33000,Rent,1,Medical,B,7350,11.71,0,0.22,N,3
8kgjHkAr-jo0g,1kjQjHEi-M1ff,wgUhRp1c-vydX,27,40752,Rent,6,Medical,C,5000,13.49,0,0.12,N,8
npfofjTw-9kWl,ADc3rJhY-j850,vQx9JM3y-ypNc,25,75000,Own,6,Medical,A,11000,8.49,0,0.15,N,3
wjchhL2n-YmTL,rLO0XFfM-mqQF,wtpfK42R-Iu0a,33,70000,Rent,0,Education,A,11200,8.94,0,0.16,N,6
nGNMhiGX-LsO4,QN1RhBpc-KauH,G1ewdgYc-RTC0,23,44004,Rent,0,Venture,E,12000,16,1,0.27,N,2
7ePM3ODr-RZJY,5WXLbzuH-rRxv,AkA0uxlY-lv25,27,41000,Rent,11,Debtconsolidation,D,11000,15.33,1,0.27,Y,7
Rr7KHzqw-21F0,Z6sh5j32-2FvB,YLTltAyI-tM8y,26,31000,Rent,6,Education,A,7000,NULL,0,0.23,N,2
mKujjKWE-UOwj,ardqerFh-57Sr,n7r3N6PG-W7t7,29,33600,Rent,2,Venture,D,3000,15.99,1,0.09,N,8
ZMwwnUeR-e1Zi,FW1bBlLJ-WBpG,oT6pmswf-HlFW,22,50000,Rent,4,Medical,A,12500,7.29,0,0.25,N,2
UtoaC0MF-oNve,S7bTia1N-jrwa,gsQ8pmT3-NdYF,25,32000,Mortgage,4,Debtconsolidation,B,8000,10.36,1,0.25,N,2
cRepwPfT-IMkp,l1X0WhR1-kcIQ,tR0QAMif-Egn2,29,28550,Rent,6,Debtconsolidation,B,4000,10.59,0,0.14,N,10
6NvRwBbc-o52G,ceNCy8lv-crWm,nopnMJkd-Zj7c,24,71000,Mortgage,8,Education,B,20000,11.36,0,0.28,N,2
5xFFGpif-iNuX,HW40bXI9-5K4W,0tysTvkP-b0vw,24,55782,Rent,3,Debtconsolidation,A,17000,7.51,0,0.3,N,3
rlsCdGjI-vvCN,J3KNxfKr-9zOq,eTKZL8ss-jvui,21,24996,Own,3,Education,D,7000,15.58,0,0.28,N,2
ugc8OOay-LAXN,fncOS8L5-tZY0,SblKfCkn-HPux,25,96000,Mortgage,6,Education,B,20000,NULL,0,0.21,N,2
YtmkENeR-lmvb,f61fAsw5-eBhF,v6F8fsoo-xC17,23,25596,Rent,2,Medical,B,4500,9.99,0,0.18,N,4
mg7GWjru-FOi1,lFTQpRma-Itc3,i2iIoZFf-6C3f,28,35004,Own,7,Education,B,4000,11.49,0,0.11,N,10
jSrqYrdk-Ej3e,rUn5HvZd-OXI4,HptLtbcF-kaej,25,48226,Rent,9,Medical,A,7000,7.9,0,0.15,N,3
cFIgyzTQ-tNqB,FFmhefHG-Aio7,78iuirmR-Me9y,22,NULL,Rent,1,,C,25000,15.27,0,0.3,Y,3
OTmcyC4R-vjni,necX1WN0-AJhE,GNjeROTt-zeeQ,25,98000,Own,0,Personal,A,2000,7.37,0,0.02,N,2
HKshaX7U-tsye,WWMa3GtJ-fyw6,27rgINSd-jcL4,24,48000,Mortgage,4,Education,A,5000,5.99,0,0.1,N,2
MBj3Xjl6-IFcx,C5u17fYU-Q7fi,Tt9AvUmL-0SoA,36,55200,Rent,3,Medical,D,9900,14.84,1,0.18,Y,13
ObmrAcBx-0qnw,ezpEgpda-LtFI,uOzmdlzG-qPaG,21,36500,Rent,2,Venture,A,5500,7.51,0,0.15,N,2
JrbWxC0H-CFXQ,92vLiwwP-YCjy,GYUG4K8U-PSJ9,32,80000,Rent,6,Homeimprovement,B,1500,10.74,0,0.02,N,10
48M0qU8Y-QS2S,QdX6QNS3-Nq68,mBdpBFTB-qYkc,22,55555,Rent,7,Education,E,12000,NULL,0,0.22,N,4
yiTEC9YK-2eXh,07d7IOHY-YrZY,CStSMhui-8RX9,26,54000,Rent,3,Homeimprovement,E,13000,17.93,0,0.24,Y,2
wknyjegH-4z2m,pbAZb6W6-W983,fqgMxCHC-gK1T,24,99000,,8,Debtconsolidation,A,6000,NULL,0,0.26,N,2
kfdzKNBg-eXDe,U3ghOvg6-xu6Q,kpcDydWQ-A1nn,25,65707,Mortgage,1,Education,D,2000,14.59,0,0.03,N,3
lR4RN8mu-fPga,XeKWY3Sp-zTrm,OAWsP7aY-dwDy,22,29004,Mortgage,6,Education,A,2500,6.91,0,0.09,N,3
uJYG2cX2-SEbq,94fCbboX-vUmR,QRsPavlC-EmDD,24,62900,Rent,8,Medical,D,12000,15.62,1,0.16,Y,2
bsq4J3AR-1KMX,WGDc2Zfs-MBdh,kiWjfdGj-a4Mt,23,66348,Rent,0,Venture,E,7000,17.04,1,0.11,N,4
qcZqPSIb-qZOv,Mf8CJDAG-mE18,IQ4wz6DE-BNds,33,100000,Mortgage,0,Debtconsolidation,B,24000,10.25,0,0.24,N,6
F4pqt5bQ-WQjN,AMqymBRu-Q9RB,jbcd3wkQ-gM7v,30,26400,Mortgage,4,Medical,A,5000,7.14,0,0.19,N,6
fvWlCKHp-Q15t,Gf5MU3vr-65Cn,xaoWlyGp-SOhz,27,41000,Rent,6,Education,A,15000,8.49,1,0.37,N,8
gQ2ylYjM-3uq6,i36h4uoM-5egn,TBnR6sfj-UzLg,23,63900,Rent,7,Debtconsolidation,D,5000,15.99,1,0.08,N,2
fQh5QD9B-Mayb,yH2gewdA-qNg1,zHwpOKLq-YYRq,28,49000,Mortgage,4,Medical,A,7000,7.51,0,0.14,N,8
9nx4hDaF-lcRJ,qv04oRd9-u510,fcZuMLBR-jqqX,25,67000,Rent,3,Medical,A,7000,8.94,0,0.1,N,2
UrrDSeXi-WBvy,kpcbrwB2-SX9N,gCcGLB1X-B1Uy,38,114000,Mortgage,22,Debtconsolidation,B,19000,9.99,0,0.17,N,12
Ob5DohcK-O4In,79fokZ2b-6Mfp,QSxAHOi3-WTQW,26,59000,Rent,2,Personal,B,8500,11.83,0,0.14,N,4
tZc1TPhm-rO1J,w0haszGn-AYYe,KTYi1pmL-9ep5,29,55000,Rent,0,Personal,D,8500,16.29,1,0.15,Y,8
SIxCl6ke-KiXh,xtMvNFLs-S3XQ,znKB7aEl-fj2Q,36,170000,Mortgage,13,Venture,A,25000,7.51,0,0.15,N,13
xme7DLBD-jFfO,l7QIuzlu-zjP3,kTZgeMfu-qQjH,24,50000,Rent,0,Debtconsolidation,A,2800,5.79,0,0.06,N,2
OAetmPHN-FJ1g,yZc4buts-o2fL,w1PEWh4n-imOZ,24,29200,Mortgage,6,Personal,A,2500,6.76,0,0.09,N,2
Bdv64uTu-LSbM,FASgxlNz-R8PR,qLvfqw5d-qypq,27,47544,Rent,11,Debtconsolidation,A,2500,7.88,0,0.05,N,5
GTO3xGzD-4oiz,sF5jokvT-eTUg,YWO4Ma8L-qI9E,30,72000,Mortgage,3,Personal,B,12000,10.95,0,0.17,N,5
MlylouIb-oEqI,aYrkfyTp-0z6B,YXdoqBY7-JCp1,21,45000,Mortgage,5,Venture,A,18000,7.88,0,0.4,N,2
viQ4srke-hNLs,pG3NluL7-P3CN,6F2GWLjZ-gCOl,21,65000,Mortgage,5,Debtconsolidation,B,2200,12.42,0,0.03,N,3
kPl3SlT3-gzCN,1cbaO1OZ-rrUK,QeHNWQo2-KfPE,21,75000,Rent,5,Medical,B,15000,10.37,0,0.2,N,4
UnzPBobb-f4bM,XH6XZwdz-5bNT,c0wnxMK8-YwDX,29,60000,Mortgage,2,Homeimprovement,A,1500,6.03,0,0.03,N,9
jUYLf9xo-SfhO,2NIjkW02-hr8G,vkB30aBM-IGAr,32,25591,Rent,4,Venture,B,5000,10.65,0,0.2,N,9
gj0EXUAb-atc9,u6erhfgu-f7pr,ftJTgukx-e77h,28,126000,Mortgage,12,Venture,B,2000,9.99,0,0.02,N,10
CuicvmGM-NmOw,OMa0jtXu-PAcl,T9aDA0k7-kx5E,25,140000,Rent,9,Education,A,20000,6.54,0,0.14,N,4
rbtfgZPW-tBIa,QlatNUuI-pj1H,Bjn8BXLT-4yu3,29,43200,Rent,4,Education,C,1600,13.49,0,0.04,N,10
jbjfH7vn-ePqm,DnSUL2WK-SS7s,iMrgpL8t-2BXy,31,42000,Rent,6,Education,D,1200,16.29,0,0.03,Y,5
sivxvMRL-1mU1,okv16GaO-5WCN,Fn8ZoQo7-uJ56,31,73000,Mortgage,4,Debtconsolidation,F,16000,19.41,1,0.22,N,7
FzRhy3lS-39Bt,JhoNlSm4-4dF0,jO0e9bhw-DYHz,29,110000,Mortgage,6,Medical,B,5000,9.91,0,0.05,N,9
cR07LuR0-mwEf,LUhAig72-ipo2,NfK1bRyz-vKQ8,23,72000,Rent,7,Personal,B,10000,10.59,0,0.14,N,4
Nvnm9CTH-C7k2,LkP2tik3-sSnx,IcetrJpU-E9fw,28,127500,Mortgage,5,Medical,E,20000,17.04,1,0.13,Y,8
eIfmPq9U-BH5t,3jWRLXi7-7pfB,sWEO2WMp-xkXf,23,32900,Rent,1,Education,D,20000,16,1,0.61,N,2
RmFdSgbK-NrZY,tUN48DaT-s3n5,x5bXRcUy-Arjw,24,100800,Mortgage,4,Education,B,21000,11.49,0,0.21,N,4
w4crMBvt-TglI,ijqY6pQx-JytZ,D3yARbkf-YJoW,25,52000,Rent,3,Education,B,7200,12.69,0,0.14,N,3
YQSPRnMp-mlKs,H27xlEfQ-4BaU,tWeO8aS1-phFZ,23,75000,Rent,3,Personal,E,23575,14.5,1,0.31,N,4
GfMbBXlK-dfOD,lnm8hY3H-zDjj,TATI5hmR-3qC7,22,68000,Rent,7,Medical,B,15000,10.37,0,0.22,N,3
lqzkLyFm-94Be,MdOhIn7h-h5Lc,Id4BcxZC-jWI2,23,68000,Mortgage,2,Venture,B,10000,10.37,0,0.15,N,2
l33ij6Ra-HHsH,zMDeIPS9-9zye,5am1jBvi-EFYL,22,53000,Own,7,Venture,B,2250,10.62,0,0.04,N,3
xvZRG3IS-wKaY,0de4qZ6g-pUum,jAa1NAtK-4zcX,21,98000,Mortgage,5,Personal,B,6000,10.59,0,0.06,N,4
eUiEGY4v-tSDP,vekO8KpL-bKu3,38Z1D9cY-jOUE,21,40000,Rent,6,Debtconsolidation,C,15000,14.27,1,0.38,N,3
LxNzCDFG-vZeo,KIr9s2Tl-mSue,HqKikddH-xqEN,24,120000,Mortgage,3,Medical,A,4800,5.99,0,0.04,N,4
ghKMJFdo-3UFT,pB3tSF2Q-Mv40,WfS7K8QI-CqSP,28,57000,Rent,2,Homeimprovement,C,6000,13.49,0,0.11,Y,8
UhoAAjoC-im4Z,xH77IFAA-3iDP,5aaDywR4-Urm8,35,500000,Mortgage,17,Debtconsolidation,C,20000,13.85,0,0.04,Y,7
euC23Tbf-GfBO,FAiKDwiS-s2lx,n5XobqNb-poH0,NULL,113000,,7,Education,A,3600,9.99,0,0.1,N,4
6jgmCTiq-EZKk,Ey7OyF1H-L3WU,TlMfl2AO-W7Bj,32,193800,Rent,0,Medical,B,20000,11.83,1,0.09,N,6
ZEXpyqHK-CQWI,3EiJMDMo-DPKt,tObWHq6M-J0x5,28,36000,Rent,0,Medical,C,8000,12.84,0,0.22,N,6
R1SNjC6y-jZaf,YgKqd78u-X7fg,7dEXLAzi-Nqg0,24,25000,Rent,6,Debtconsolidation,C,3200,13.11,1,0.13,N,4
iEmcYBgQ-1rZH,FzL5wRFj-6vpZ,jPp0mfDa-gQfF,24,60000,Rent,0,Education,A,7000,9.32,0,0.12,N,3
Jd4XZcAG-q9Tm,ow592soK-Tf2y,rxo7Zjhg-ajp6,29,65000,Mortgage,13,Personal,C,16000,12.87,0,0.25,Y,10
ppt6Yckz-QLg5,uW9axBT3-Kkcb,Fgjqaiup-iI8a,25,48000,Mortgage,5,Homeimprovement,A,7800,8.94,0,0.16,N,2
bG4vQRWy-QkPF,0bJKqC2I-FE2K,p4S0Ba2O-GQwD,36,51000,Mortgage,2,Venture,B,1000,11.83,0,0.02,N,12
0zaAnZPS-Ivj6,ApXulK2k-OF1H,zny9WKsw-Wt0D,22,72500,Rent,6,Debtconsolidation,B,4200,11.71,0,0.06,N,3
snl9Tcw5-vkzP,rlkBxxWf-JT3I,Pujnaq2p-YEpn,22,42500,Mortgage,6,Medical,E,7000,15.57,1,0.16,Y,4
6vfPmChu-iHcT,RJZchcG0-rlhG,7G2nTxYI-pFRt,24,54000,Mortgage,8,Venture,D,1500,14.42,1,0.03,Y,2
eN3QA6iM-wz0Z,eQHJfsNl-34mE,hpg14bXo-nz2a,23,64500,Mortgage,0,Medical,A,10000,NULL,0,0.16,N,4
TBP8t05P-083S,d2pODZBJ-aioM,e6RRXFqn-pYK8,36,99500,Own,5,Venture,A,4000,7.74,0,0.04,N,16
WSypsTjR-M94g,A2nszzMz-lQkE,WnvEZw1o-y7cU,23,78000,Rent,7,Debtconsolidation,C,25000,NULL,1,0.32,Y,2
xT2dKkG8-KvdN,c3HzsWSJ-pJj4,0lKkLwzv-R6Zq,23,44000,Own,7,Venture,C,5000,13.23,0,0.11,N,2
OF8cXob1-nj0t,GMrcHk2j-sNE3,dCWWOmry-1vJJ,29,40000,Mortgage,0,Education,A,10625,6.62,0,0.27,N,5
mZuQELPg-zziL,Wm47wFgw-AyTJ,wRgitYCv-sakI,25,75600,Mortgage,7,Medical,C,15000,12.68,0,0.2,Y,3
qzS7X8AO-iNLS,SXx30qMB-lWOr,Os5UX5cm-zveK,29,71000,Mortgage,4,Homeimprovement,C,11000,13.43,0,0.15,Y,6
p1zPO36U-0ne9,95ojigDL-H22H,iQs6RdfN-M54B,45,43000,Mortgage,6,Venture,C,3600,13.49,0,0.08,N,15
gFOTj59b-BHAi,dwbQa3eC-Davr,rehqqY4H-3eSR,28,29000,Rent,6,Education,C,13000,14.26,1,0.45,Y,8
LCnIhp8f-lCPx,BO9poiuC-yvaf,JtKax5NN-P0te,30,107000,Mortgage,0,Debtconsolidation,C,2500,10.78,0,0.02,Y,6
zOkjM3fJ-NaES,XFda0xRD-TQzQ,Z9E82z3e-kmjS,28,30000,Mortgage,5,Venture,A,15000,NULL,0,0.5,N,9
o9Yn2ZsZ-OAmM,IW9tvdff-aEx5,c3mEtu6o-H9ec,24,40000,Rent,NULL,Personal,D,3000,17.27,1,0.07,Y,2
rij7LfZ6-gKlT,ZMhYQu6g-ZTzt,gitwnBvm-EdRA,21,9600,Own,0,Venture,B,1200,10.99,0,0.13,N,4
6GqrKCls-Fpim,bJF7iCEb-C7xz,X5xDyKe5-Qogq,26,38000,Mortgage,1,Homeimprovement,A,8875,7.51,0,0.23,N,2
q9JCcyOU-9YAh,as8WAriC-nB3w,881Wczll-9QyE,29,48000,Mortgage,8,Medical,A,4500,5.42,0,0.09,N,7
mfvGT3Na-xdgH,iYXzPaOq-BUWf,c72nwSKh-KqEu,21,82000,Mortgage,3,Personal,A,11000,NULL,0,0.13,N,3
YNLKL1tH-y9D6,81PEkImj-SUK3,18uZArHh-jtvB,38,17760,Own,NULL,Medical,C,2800,NULL,1,0.16,N,16
DB6u2ryN-C8DC,vgr7BGfY-Sq0T,kG4Pmy5d-DTX5,39,49000,Rent,0,Debtconsolidation,F,15175,19.13,1,0.31,Y,11
aqmszoMi-oYZ0,Q5pFW6IJ-1FE6,mdq1MdwM-r0bf,24,85000,Own,2,Education,B,27500,11.99,0,0.32,N,2
XtgbvSG2-Ob5i,09hKMIoW-4wi1,zZ4o6hA1-qYGd,42,123735,Mortgage,8,Debtconsolidation,A,6400,6.99,0,0.05,N,16
vGka2NTK-Pzva,iApKsBjC-pvLX,IlM6lhiv-azl3,28,59004,Mortgage,1,Personal,A,8000,7.37,1,0.14,N,6
IkIAeX7f-dfGP,CYK4Qo99-q5Jn,hcxF7Xde-wpCy,40,69996,Rent,6,Medical,B,3000,10.75,0,0.04,N,15
RDHeYDmM-cKxs,UHotfKRa-y9ZL,nKJCUjak-mYFC,29,40000,Mortgage,8,Debtconsolidation,A,8000,8.59,0,0.2,N,9
39JQ3Dk5-BwS9,DdoEzuBm-eZCn,HLMuOksX-zZTv,47,64200,Rent,1,Education,B,10000,NULL,0,0.16,N,14
JbeZvHTA-FaNy,4HoQ7ivd-lu28,Ol2r93Od-REpt,42,101000,Mortgage,6,Debtconsolidation,F,25000,16.15,1,0.25,Y,14
eB24owMN-bs00,eGyztFD2-E891,6p3Hft38-mHX8,22,45000,Mortgage,1,Education,B,8000,12.53,0,0.18,N,3
LwPGrBkH-eNv8,GvvBCCIl-qjGP,PDSaSDpy-mmpm,24,50000,Rent,8,Medical,B,5000,9.25,0,0.1,N,3
h9EtMYaI-GQLj,5teMYzDz-GI0k,QApsuGti-7BBG,23,36000,Rent,5,Venture,B,8000,NULL,0,0.22,N,2
iNHWeHXF-lDJT,E8jdOBDA-uZ7T,Ymlf5HDu-knKk,24,200000,Rent,8,Education,A,10000,8.49,0,0.05,N,4
uq2JcEhp-P02s,U3u0IzIq-hmpr,Sk1N629H-zFkG,23,80038,Rent,3,Personal,B,10000,10.59,0,0.12,N,2
b5GkFS9H-jhzC,JWqaz18U-tNSd,dd8O1Oim-ezJg,22,84000,Mortgage,6,Debtconsolidation,A,7500,8.63,0,0.09,N,2
gAZKciuH-aaM2,unZZ1mxE-oc7i,831lStgS-nNYF,25,42000,Rent,5,Medical,B,6000,12.42,0,0.14,N,2
G2KQmH5s-9Xwc,jJcYMoQg-o6xZ,j1yIbTSY-csm7,22,130000,Mortgage,3,Venture,B,24250,12.18,0,0.19,N,4
40igglX3-Srbo,xdtdwNpc-YZBl,qvZbC4QO-Lu73,31,88000,Rent,1,Debtconsolidation,B,13225,12.42,0,0.15,N,7
YyI8ZgqE-n60B,bvNM69uA-Bjrk,xLiTKtbf-Rnyr,22,60000,Mortgage,1,Education,B,17000,9.45,0,0.28,N,4
K0yyoBoU-57jo,OdkuY78i-N7hw,f2Q8AnbR-JY61,25,33280,Rent,1,Medical,B,5500,NULL,0,0.17,N,4
CYQnRUIB-tw5Z,F7aMg2Eb-3u8G,G8iC0gnq-hC7g,28,44500,Mortgage,5,Venture,B,20000,9.45,0,0.45,N,10
nZH23yxA-D49w,aZ993ae3-GoZZ,QU5n4N3A-mdGf,25,60000,Rent,1,Venture,A,8400,7.29,0,0.14,N,2
W294D5cf-FD2J,rbhFiEiq-8JnO,J2Qd935S-sNf4,28,65000,Rent,13,Homeimprovement,A,15000,7.51,0,0.23,N,6
EekJzLl3-NHqI,qr65qYJw-5wk4,qtqdmrWR-cR0X,24,22000,Rent,0,Personal,C,5550,12.41,1,0.25,N,3
8NTBNsRH-j0KT,0aJv3BGg-Gsgh,GANu1MTD-Em1o,24,78000,Mortgage,0,Debtconsolidation,D,19500,15.31,1,0.25,N,4
ulxnvgRe-DjXy,pZy1r0y2-0n1a,KhzUt8Y1-3tZk,33,18996,Rent,5,Debtconsolidation,D,3250,16.32,1,0.17,N,7
XUPbgPA9-qSZ6,Xhf8zbbc-mTQI,1exFuZSA-fy5Q,26,38000,Rent,10,Venture,B,10000,NULL,0,0.26,N,3
uRJc6oma-MdXx,0UlSUgIi-KfFt,sEsqSKmC-HGb9,36,65458,Mortgage,4,Medical,A,8000,7.29,0,0.12,N,13
xMMdFxG0-otkm,AhvDl6qE-fFuN,Ekc61OLR-yH6x,22,50004,Mortgage,5,Education,D,14000,15.58,0,0.28,N,4
2O5lQELA-d5Sx,qpPPkFoM-W9og,BtQ0sDqC-WY19,30,55000,Mortgage,13,Debtconsolidation,B,12000,NULL,0,0.22,N,7
XxHL7WSi-13AF,bpN0slaL-0ju1,daZMnkHY-wgvP,24,120000,Mortgage,8,Homeimprovement,B,14000,10.74,0,0.12,N,3
0g7M0qhC-I6EQ,btKWsiaB-UD8w,QObwPbTq-0c5q,26,75000,Rent,2,Personal,C,16000,13.35,0,0.21,Y,2
kHwT2UD8-XBR0,ygSIhcO5-aSnv,GaUWEXLE-YBkf,38,112224,Mortgage,5,Education,A,25000,6.99,0,0.22,N,13
v7JnvY4j-z0cQ,6pje760B-qPfm,ogbBwwoB-i6di,33,40800,Mortgage,NULL,Debtconsolidation,A,15000,7.51,0,0.37,N,5
KX9nurGm-G1C5,nqJjNbwI-Oarb,9cpMlCU6-H6ie,25,59600,Mortgage,5,Education,E,6000,16.45,1,0.1,N,4
bQ8cLD9d-aoNR,uXR8a3YL-JuFT,yNYhsUXK-54ue,27,24000,Rent,NULL,Education,C,8000,12.99,1,0.33,Y,6
D8Sz0I2f-bESY,XM9h6Lvw-JxHY,Yw2xKz9c-3ose,26,24000,Rent,0,Medical,D,3600,14.96,1,0.15,N,4
ZwXiauEq-sDk5,OwMkFqgJ-Xkku,LmSXCMP0-ptPq,24,14400,Rent,3,Debtconsolidation,A,1800,6.92,0,0.13,N,3
Hqd9HHgA-cYYs,kmQtKIgg-NxNX,U1kZJj0F-cd8v,22,18000,Rent,6,Medical,B,4000,11.49,1,0.22,N,4
wmD0zyq9-lO1w,kfz2Xjd9-qNlv,Asl2KQUv-1dpB,43,68000,Own,9,Education,A,5000,6.99,0,0.07,N,15
qbwxrH9W-N4Qb,lDhm8dsa-Mgx1,zJRCvoAB-da5l,34,28704,Rent,0,Medical,A,7000,9.32,0,0.24,N,10
7CBgsDL3-eRM3,cSpZn3uz-4L9F,YNPU3OvJ-bpjy,25,42910,Rent,3,Education,D,10000,18.25,0,0.23,Y,3
60Pb2B0X-FCkA,k8oPyngs-TP3w,FnFP9Odm-x9K0,25,128000,Mortgage,4,Homeimprovement,B,10000,11.58,1,0.08,N,2
qds8tWhO-LZpG,McQiI7Ui-JIh6,Piorghiq-AFfv,30,20000,Rent,1,Personal,B,3000,11.49,1,0.15,N,8
DdS0CNWk-I060,GFC73S4A-pb3x,sG8pHbbH-W6zu,27,72000,Rent,4,Homeimprovement,B,20000,9.25,0,0.28,N,10
TxtkDbMB-E7LO,tC19MGtH-cpA7,cs1u1kHJ-5Ixv,33,25000,Rent,6,Personal,A,2800,9.32,0,0.11,N,7
NylGoyhw-6rjh,rYG1KbqD-IfLE,yIF0D6lm-OJ4m,29,100000,Mortgage,1,Debtconsolidation,A,12000,6.91,0,0.12,N,10
8Tsr0i5k-7xf1,m9zS7hED-OogB,p57B4ScE-RWt5,34,91000,Mortgage,19,Venture,B,15000,NULL,0,0.16,N,10
UglL9j3D-X0Lc,F2B9UEaL-Ayij,n1A5FNwJ-DP2T,45,54000,Mortgage,1,Education,D,7750,16.07,1,0.14,N,13
ASFqZJGZ-UHQP,3IBSpP8g-XfhA,EmZwDSy7-YsOT,25,62604,Rent,2,Personal,A,9000,NULL,0,0.14,N,3
od6xsDck-EOm8,ePseawBy-AARy,z0W1cKBJ-qbop,28,65984,Rent,12,Medical,D,10000,15.33,1,0.13,N,5
mGWJcbzy-GUqp,QaZYRPzd-LEbN,dWMY6cOn-b5Kx,24,40000,Rent,1,Medical,B,1000,10.99,0,0.03,N,3
7HgwIk6E-E5u6,jGdSlUNq-zmXT,8XdxIwrq-2qxF,22,76296,Mortgage,6,Venture,A,9000,NULL,1,0.11,N,8
SqoNzux7-7nw8,kJJt6yj8-aiBt,8MIDht59-dJv7,25,60000,Mortgage,4,Medical,A,8650,7.51,0,0.14,N,2
gsQg5UxB-v95S,obAHzHB5-rjiG,DngchrtS-8qCk,22,30000,Rent,3,Venture,B,8000,12.53,0,0.27,N,2
Ni5D522h-hf8J,NEM2GyJH-iA8y,INY9LF2P-UAEp,28,65000,Mortgage,6,Personal,D,22000,15.65,0,0.34,N,5
4zi6uBFe-SiCf,HqRI79sO-m40E,rJ3bPcrB-DPx5,30,47600,Mortgage,6,Education,B,23800,12.42,0,0.5,N,9
P5O9YZfF-cRYw,JDHe1NjJ-meTn,vhtMis5w-6XzU,23,57000,Rent,7,Debtconsolidation,B,10000,11.48,0,0.18,N,4
wtmHwvh9-jwkk,xl3BrCQq-Hjq3,IjmLc7dq-aBnt,45,52000,Rent,0,Medical,A,1500,8.94,0,0.03,N,13
Nyd1JHXd-NAap,l91n6nNd-fhoL,7so95Pi9-75qW,46,80000,Mortgage,3,Homeimprovement,A,10000,6.17,0,0.13,N,13
4ycWpUEb-ihD5,ehv6ym0H-vbDp,mz0C5f0w-xmk0,24,106800,Mortgage,6,Education,A,11525,5.42,0,0.11,N,4
kkSdtmkC-knpX,1onQknX2-2iAJ,mfF0BZdf-IwRJ,37,20004,Rent,0,Venture,B,5000,NULL,0,0.25,N,14
oeEIc56Y-2oIU,XpjeXFgR-S3L4,7A7xgLul-RaHN,34,63000,Mortgage,9,Debtconsolidation,B,18000,11.49,0,0.29,N,9
XOIz8KKM-m8ws,kCTcL9Fh-rQmj,96o5JezW-c8w0,23,200000,Mortgage,0,Personal,A,5000,7.43,0,0.03,N,4
k3sSLGhS-LlCG,MgouHBgc-bdJU,s4QYKuSz-LOcv,24,66300,Rent,4,Medical,D,30000,NULL,1,0.38,N,3
0POZyPIf-rqOB,44fIw9Cy-qH5C,pS4JEQBE-nh3z,25,80000,Mortgage,7,Homeimprovement,A,6000,7.9,0,0.07,N,3
AjFaHTKE-11yt,TKxelkCO-kxAl,il5dHBhd-obz2,32,202300,Mortgage,9,Medical,D,25000,14.59,1,0.11,N,7
uMI5lnzZ-YqUr,5yCsTgGs-EkEf,bzfrW7od-6cXU,30,98000,Rent,14,Personal,C,8525,10.78,1,0.09,N,9
yf1FN45v-TWEa,m72fseya-5PZw,Q5dQdJ6q-9SDO,25,84000,Mortgage,4,Debtconsolidation,A,15000,7.88,0,0.18,N,4
4MjGG8x9-b9Uu,CYyv8vjy-aWOt,NcRaBeqA-SHiy,33,115000,Mortgage,6,Medical,C,10500,13.49,0,0.09,N,9
e37KpJ17-qWgR,Bojocr4E-97SP,3RddnSZQ-9Hbh,28,90000,Mortgage,5,Venture,B,25000,11.86,0,0.28,N,6
IE7xRxnw-2FhC,3LZ2uRzY-Ufu7,gIRr6PwL-28Sy,25,23000,Rent,NULL,Homeimprovement,D,8000,14.46,1,0.35,Y,2
KIvdCByJ-p5at,ADynUtSq-dkbP,zwKsstc9-CFIt,29,93000,Rent,1,Homeimprovement,B,10000,11.14,0,0.11,N,8
4PRwRYGo-prv6,yUbJ1Mpi-NPjC,8Bx7e7G3-pnc0,31,24000,Rent,2,Medical,A,1800,8.59,0,0.07,N,6
ljGF5rN4-cpPJ,EsAT1kgP-2hzc,FE7OzTmy-4iz1,33,44000,Rent,3,Medical,B,2725,12.18,1,0.06,N,6
FBLvtXHn-5zFI,2ZBjZwiA-hk1Y,5Yb77yvT-lgy0,26,145992,Mortgage,0,Personal,D,20000,NULL,0,0.14,Y,2
DuxvQEC5-8Tut,3oD8BvBi-ORh9,7kZglB5y-tzLW,24,50000,Rent,1,Homeimprovement,A,12000,7.51,0,0.24,N,4
OFbXcIvr-zf2k,WMbK5xd8-ahqv,1YsJ8Dwm-ug50,28,70000,Mortgage,4,Homeimprovement,B,20000,12.18,0,0.29,N,6
GvUuUNl7-nlEx,XYDlyu0K-wGbn,7POlA6NI-9WH4,27,51000,Rent,9,Venture,B,1600,10.59,0,0.03,N,6
aynsMlti-y3Mm,JycXaZLe-3qbK,WhpYr3Sx-OYWY,42,600000,Other,2,Homeimprovement,D,25000,14.74,0,0.04,Y,16
RfP6X6pT-nBQw,nOHeKTHz-R3m9,1zTS7CTR-Ewbg,23,29000,Rent,4,Medical,D,13450,12.61,1,0.46,N,3
Tahda0of-tGdx,tQU1oEcw-1Ho1,rlynsbSt-qkeE,34,54000,Rent,5,Medical,D,3000,15.37,1,0.06,Y,6
U0SRBGCi-CrCR,sZ7a0KIF-u5Fu,oiBIfm4l-dhrh,29,35000,Rent,6,Medical,B,7300,11.71,0,0.21,N,9
0xrcnaKQ-lt46,TGXoNdRX-DkAf,l2EU9Cit-mqhb,21,125000,Mortgage,0,Personal,A,10000,7.51,0,0.08,N,2
PEKj0yUy-XwDI,4Ziwrm90-pjJ5,hKU6RkGg-EX96,22,60000,Rent,6,Personal,B,4000,12.21,0,0.07,N,3
3fp0y0wm-dsd7,clqzFZaR-h2RC,oNZPEl7K-A3H1,22,10000,Rent,0,Homeimprovement,D,1000,14.74,1,0.1,N,4
tO0TbK4T-fdHB,j8eqok1R-Wli3,Ugxjlsr3-3pcx,23,115000,Rent,0,Personal,C,10800,14.65,0,0.09,N,4
NWj336IU-fFa8,gE0us0rD-Xjv3,k6mTtHvG-RCSa,24,39996,Mortgage,1,Personal,B,3000,9.91,0,0.08,N,4
J73z7TAS-TDxS,xeC06g36-INHW,vaGBgipu-AESA,26,168000,Rent,1,Venture,B,20000,11.36,0,0.12,N,4
qit5xohQ-TqnJ,DLpc52HC-1NYz,QnbGAgz0-bPvz,22,21600,Own,5,Personal,A,5000,7.9,0,0.23,N,3
EcY1bf0z-gizS,JMGQBSyt-c9nF,WTuPn5z1-HTIA,24,42200,Rent,5,,A,2425,11.49,0,0.03,,8
mKrzI03Q-Yb4p,GuKFmSGh-LMPx,BjOgm6fr-PZaC,24,105996,Mortgage,7,Medical,A,3000,7.51,0,0.03,N,3
BXwzbEUc-zpGd,QSwroCqS-Lkx3,7mafRzHg-iigI,22,44000,Rent,3,Homeimprovement,C,3600,13.43,1,0.08,Y,3
P5ESJQCv-1Rjl,FF5UyoMr-7JbS,ZxBU3779-H8Xq,24,46800,Mortgage,6,Debtconsolidation,A,12000,6.99,0,0.26,N,3
szBdiNPd-vIat,udb7sqWc-T5qs,iedonniw-Qeoe,23,75000,Own,7,Education,D,12000,12.49,0,0.16,N,4
jZLYpN5X-IMnn,T7WB8IE1-E8R7,jUJK4KkH-Dmse,25,84000,Rent,2,Venture,A,6000,8.94,0,0.07,N,2
wsnzdhbL-9wOY,feeFGzs8-XZcY,HYFPyTj0-GSUv,26,74000,Mortgage,9,Homeimprovement,C,1200,13.22,0,0.02,Y,4
e0dl099k-HbT9,M1UERnLT-QoOt,ZpjRfZbQ-Qdha,24,114800,Rent,6,Personal,A,10000,8.94,0,0.09,N,4
Amx19jkF-tCKE,chuEnhk4-tZ9R,Ix4WNEA0-2uj2,48,110000,Mortgage,6,Education,A,6000,8.94,0,0.05,N,14
2rjOROlp-6aqe,wLvaCyJv-G07a,2Y2TGrwj-Je3s,23,37000,Rent,7,Education,B,3000,10.75,1,0.08,N,4
DFXRp4bw-xbE2,rvdS8Rin-8XcH,sZoE6XL5-Uaqz,40,130000,Mortgage,0,Debtconsolidation,A,24250,6.17,0,0.19,N,16
miL38cT5-PtFt,DrxMdN2U-PTcM,ieKqnS2f-zrX6,32,116000,Mortgage,15,Education,B,21600,10.62,0,0.19,N,9
BzYOxf0b-RM0Q,F18NsgNX-ogGQ,xCUXBmKA-IdwH,25,69000,Mortgage,9,Venture,,6000,NULL,0,0.2,Y,9
tg7mNqTt-2uYe,AulxqTwX-iB57,r2jJ3tLq-KhOx,NULL,170000,Rent,5,Homeimprovement,,7500,11.36,0,0.19,N,4
01aOoe5m-MKqu,yBuO0TTi-ZPoP,3fRKSr5F-GqEH,27,24000,Rent,0,Debtconsolidation,C,4000,12.87,0,0.17,N,10
BZqvILRq-w77J,pmJfd9Bd-koZo,8B7eHCKa-EgbZ,27,42000,Mortgage,0,Personal,C,8000,13.61,0,0.19,Y,9
hCoC664G-Udch,qDMuIRqd-oipF,eCXeFy3X-RhhA,26,30000,Rent,1,Personal,E,7500,14.75,1,0.25,N,3
Uyek1Sgl-aN2W,buLDd6t6-8IaP,Fk2kw25a-MPq2,29,33600,Rent,7,Venture,B,2000,11.71,0,0.06,N,9
JbWQsGG4-dLn1,YWt1hWI2-giER,2ZvSRMsR-G4Xz,47,126000,Rent,1,Medical,A,10000,6.91,0,0.08,N,17
ljURfjW5-LvL4,sqhCsAbE-CKFQ,x7ms0fvz-J8iL,23,43800,Rent,8,Venture,E,8000,17.93,0,0.18,N,3
WsbxYA2a-1ugB,iF2ZuvGH-EwgA,IQp9ad7w-e8U7,22,40542,Mortgage,6,Venture,A,6250,NULL,0,0.15,N,2
198pUqvG-dmd3,cYFTk3J3-dW6M,Ox9wPp5g-eKMS,NULL,60000,Rent,NULL,Medical,B,8000,5.42,0,0.23,N,9
JhxcLDYI-EdfI,vRBP0QWC-0LI3,DTpQN0ii-kSyG,25,NULL,Mortgage,8,Venture,A,NULL,11.86,0,0.28,N,6
Mn6kINdb-Utjb,c8KwPDtU-WcJt,t0fj2yTl-P7ET,30,69000,Rent,2,Venture,E,20000,17.14,1,0.29,Y,7
ZacfcrlD-lZ4R,9QHSfyy5-S8CI,3bWkwtgT-qNhb,38,100280,Mortgage,1,Venture,B,17850,11.99,0,0.18,N,17
LJB323tn-kCdL,Qi2LL2SS-zWcH,bwPpBRmT-1JUo,37,46680,Mortgage,6,Venture,D,8000,15.21,0,0.17,N,15
CesqwZwE-aJyI,tGIzu0TS-78iE,FRHAQY4n-9pOU,26,147996,Mortgage,10,Debtconsolidation,A,7500,8,0,0.05,N,3
dwROYi6i-SmMO,LRmlhXBA-3eH7,9zl5tAXr-dhxA,42,60000,Rent,3,Homeimprovement,A,7200,5.79,0,0.12,N,11
XO5U4W0e-OqRW,alFkQLUi-LiDY,rAtk3R9Y-TBlq,37,21600,Rent,4,Debtconsolidation,D,3800,NULL,1,0.18,Y,13
ujsO1H6w-LIYl,1dOlFHy4-Pw07,2dKXuf8Z-OpfX,23,47000,Mortgage,7,Education,C,13850,12.68,0,0.29,Y,2
Q4rC3Eml-b8Bh,75hvh7DM-0Uwo,SuQePsgZ-J1mX,22,100000,Rent,2,Education,C,8450,12.99,0,0.08,Y,2
iTN91YMU-W2MJ,WNCyUnff-QiP6,RUHvOzFI-dWcL,29,90000,Mortgage,8,Debtconsolidation,A,14000,7.9,0,0.16,N,9
2DYBhjLz-rzYp,FCm54ZbT-XIfG,Nd1041IF-hIoH,27,26400,Rent,2,Medical,A,2000,6.54,0,0.08,N,10
0PvaIKbq-QeBj,HgS5n36D-xjcL,P9cU7TJ6-GMKS,22,45000,Mortgage,6,Personal,A,5000,6.99,0,0.11,N,3
A4AZEpg9-OH9X,tcgo5HpI-nm0t,ccaXqoXU-d7PQ,26,77100,Rent,6,Debtconsolidation,A,8350,6.99,0,0.11,N,3
RzaXqEZh-9mBG,tNrRARx7-dxGS,JiTqJTYt-o0n4,26,38004,Mortgage,3,Venture,C,10000,13.35,0,0.26,N,2
0tIGLjCt-hW4d,X9xyqQ1j-SArA,ysAlb77y-F3Sq,22,50000,Own,6,Medical,A,15000,8.63,0,0.3,N,2
WM5TJmyd-E0Fz,7OT47eoD-XuLw,8mkn4CwP-XElB,NULL,110000,Rent,9,Debtconsolidation,B,12000,11.11,0,NULL,N,5
WEApmO5a-Alvg,u7HMZAfs-85Fw,lMMoaRRN-D4DW,44,60000,Own,11,Personal,A,11800,8.63,0,0.2,N,12
CAw5KFYe-NZjf,65f6uorZ-YT2g,z9suqDUh-Y0JQ,34,30000,Mortgage,6,Medical,B,4650,NULL,0,0.15,N,8
fIhbC2ZO-GRDJ,t7NbG4bJ-SWC7,NlQgQ98a-4saj,22,75000,Mortgage,6,Venture,D,25000,15.57,1,0.33,Y,4
p3qItZGC-nbRk,fBqokylK-U7Wb,kEwyz2mN-DBT8,26,40200,Rent,1,Education,A,4000,6.76,0,0.1,N,4
q1gu0D9d-10uc,YDSF8B1Z-OTpU,Ih89jyLH-MLIk,22,42000,Rent,6,Education,B,2000,10.36,0,0.05,N,4
YxUU8YWe-vKbX,al8AGrd3-j25z,msLZyGsW-KgAY,46,65000,Rent,1,Education,B,6000,12.69,0,0.09,N,13
4tD36gcw-IrsA,0AqDleka-pynW,HOMkG0Xw-wmAU,31,35000,Mortgage,2,Debtconsolidation,B,10225,9.99,0,0.29,N,6
IdxapvgF-DGQ5,5hvEDfBA-nUSB,nsPR9BuB-cfv9,27,75000,Rent,3,Medical,B,20000,11.83,0,0.27,N,10
3G5vmhs3-7J8O,NDXjd9CQ-eyqe,2CbIcMuu-awfc,21,21000,Rent,2,Education,B,10000,11.71,1,0.48,N,2
GLmLcJ5z-K4n7,ewmubkSG-CbNk,F4GrC60M-FeoQ,23,54804,Rent,4,Education,D,3600,16.77,0,0.07,Y,4
4aSKEPfa-vK8L,nRliETn1-7xcP,9O0taQGL-tpaR,22,116000,Mortgage,3,Debtconsolidation,B,12000,10.25,0,0.1,N,4
w923BoSq-hJkJ,frLf8iY7-tSig,rLEjsocI-STpa,29,100000,Rent,4,Venture,A,10000,9.63,0,0.1,N,9
uatAYfDa-vD2O,6esI22DW-5FOy,OyXZ6yrj-bahx,25,72700,Rent,4,Homeimprovement,D,7000,14.84,0,0.1,Y,2
ZnoNEu0o-0rLo,Z4vv5Yzn-CpZ0,pIWSsW7x-oedh,26,90000,Own,2,Venture,A,9500,8.07,0,0.11,N,2
S7mfWJkn-Mq2r,BiChTKjX-pnaR,8Y0fIQLb-WrPK,32,89000,Rent,0,Medical,A,12000,8.94,0,0.13,N,6
sIhBUyUD-OZ8R,WDA4yhZ4-giZM,FxwcjBAa-qFAG,35,39000,Rent,5,Personal,B,10625,NULL,0,0.27,N,9
bwlHcBU8-jKm3,KHWGsY1e-0LyH,v6WqlxIE-1Oi3,24,47500,Rent,4,Personal,A,4200,8.9,0,0.09,N,4
hNizykOp-l7xl,lR7SJw4b-TkQy,QSiX4kEQ-HqAY,25,54000,,NULL,Homeimprovement,B,20000,14.91,1,0.29,,5
SITYwuum-4zTy,Rr2YFTK4-W7Ma,q9lNg24r-yaYf,37,117300,Mortgage,12,Medical,A,10000,NULL,1,0.07,N,11
9gveRoF5-CM6H,PlBBxWSp-kQL2,GuDAoiwR-OSvr,23,56000,Mortgage,1,Medical,A,10000,8.59,0,0.18,N,3
r8gtn9t9-mHAm,rX55yjAi-OqYb,ZrsL8w9Z-HKC6,22,21600,Mortgage,NULL,Education,A,4025,5.42,0,0.19,N,4
4DGaHYeZ-0nEI,m0irAyyX-XUuZ,CF6JEia3-JgDG,23,99200,Mortgage,7,Debtconsolidation,A,23000,6.91,0,0.23,N,4
rNayD1WP-AOas,o0dJTk3w-6WzR,jgMChu6B-hhQX,22,71500,Rent,2,Education,C,6400,13.11,0,0.09,Y,2
DPxYM55y-FcCU,2u346UE7-6ryr,mo0Oz4l8-phqw,53,85000,Rent,2,Personal,A,8000,7.74,0,0.09,N,26
GdDgQQhb-7QRB,1ayJPI4c-Y90m,XkTl6Jcw-njTm,28,95827,Mortgage,11,Education,E,16000,14.5,0,0.17,N,7
tTrG996g-yIA9,MyJcdiUu-QkH4,RoqLKyQX-hqjH,23,22000,Rent,3,Education,C,9600,13.16,1,0.44,N,2
Y6ZgfNAh-gEpm,i1uh8KzM-fymW,4oTN838P-ZRT7,23,90000,Mortgage,6,Debtconsolidation,A,12000,NULL,0,0.13,N,3
e9ME0tJY-69Jt,MpZlbtnj-v5ZG,9fTIWFIB-K0eM,23,32000,Mortgage,NULL,Education,B,1000,10.59,1,0.03,N,2
wWnevDHl-PXXF,DzRO04Uz-pQjk,Uqlv3cAe-ZvcI,26,108000,Rent,2,Personal,D,25000,15.05,1,0.23,N,2
pQDRJKZF-vEMp,SpoJwd9J-5N7u,2JRZgX95-SIlI,25,72500,Rent,2,Homeimprovement,B,9000,10.59,0,0.12,N,2
hoxwmYCK-CWcb,XHX0vR63-HBeM,KEIbtO8I-2gfz,28,73073,Mortgage,8,Venture,A,4200,5.79,0,0.06,N,7
p0T7WS0M-3EHI,pjYrBpwq-xHn4,foFNGy6r-cIl9,23,287000,Rent,3,Education,B,24250,12.53,0,0.08,N,3
dh9PkLw6-LEvS,qv2US4kT-qi8I,l1YX8BCB-D8r1,34,77000,Rent,3,Debtconsolidation,D,5600,15.27,NULL,0.08,,11
Lo9hbmzq-QiTt,TJEDr2EU-FR1b,ECHWWJy5-HbrP,28,108000,Rent,2,Personal,D,20000,15.31,1,0.19,N,7
EoQbb0t7-lSCP,G7zhdbJN-sUCA,1bPeb7mj-hDHN,32,86004,Mortgage,16,Debtconsolidation,A,8000,5.79,0,0.09,N,5
fMs6fjR8-ylAs,L0ftEy0i-Raoa,ru3oxsDC-jRa2,26,22584,Rent,NULL,Personal,A,1800,8.49,0,0.08,N,2
sCdh4973-ejmQ,Ti4xNUYu-pYve,CxYpgGh6-KKrF,28,45000,Rent,1,Medical,B,10000,9.91,0,0.22,N,5
peAIbilZ-NgAD,5r4AZEdq-sS6c,vdEH6dQK-svzs,24,41000,Rent,1,Medical,C,7000,12.53,0,0.17,N,2
us8hsCPo-iBu2,p1y8WRQd-aTwM,sxWw2ft1-hxIU,22,NULL,Mortgage,0,Debtconsolidation,A,NULL,7.66,0,0.21,N,6
5QDc4R3f-o64m,e6wOMThp-g82m,Wn5c3orS-eSsL,22,27000,Own,0,Medical,B,7750,10.37,0,0.29,N,3
4fqKD49g-EnlT,3Qr6Sxv1-rG97,19BqPfko-UhfZ,27,48000,Rent,2,Personal,C,25000,10.59,1,0.52,N,7
jlTq7OEa-R9zJ,Obr6nEoQ-CFGW,gGAk7HFn-tP7B,23,30500,Mortgage,6,Medical,D,3000,14.96,1,0.1,Y,2
XyRU2S7c-LRbC,pugNE4MZ-6AD3,frPE4Aiu-cBe7,29,123000,Rent,0,Education,A,6500,NULL,0,0.05,N,10
Q3doMAlY-vCaQ,vpIHQyP3-UrI8,C597lFKJ-oNKS,30,80000,Rent,7,Venture,A,12000,8.9,0,0.15,N,10
L2ED40Pu-tqWn,xvaoWhPg-NobU,G070Tsjs-kTrB,24,80000,Mortgage,6,Homeimprovement,C,7000,14.65,0,0.09,N,4
LZUg5Ezk-g0JW,ZI4lXd5Q-hsnY,ov7ONKKf-GatJ,37,63000,Rent,2,Debtconsolidation,B,9000,NULL,0,0.09,,9
2fJ1xZJb-offU,CG2SzTjU-bMeB,WD5MtdgB-8fFQ,24,35000,Rent,8,Debtconsolidation,B,19000,11.36,1,0.54,N,2
PRqjdn84-NNDk,JlOD8myO-Bdhz,TORe9G0D-DTla,26,72645,Own,5,Venture,A,12000,NULL,0,0.17,N,2
nf2cYR8g-MgSp,9MX3jpeX-FNdL,gp7W8s0h-4AkX,24,49232,Rent,8,Education,A,8500,6.54,0,0.17,N,4
0gXaKyOO-ckdF,v0BaIqrq-yjOK,pGs5ySOL-WFIp,24,95000,Rent,8,Personal,D,17200,17.58,0,0.18,N,3
wmk47lNm-iybn,hOXBYMJH-2aG7,vh4UwS3K-kkJx,42,82000,Mortgage,13,Homeimprovement,E,26800,NULL,0,0.33,Y,15
mt9FbU9Y-vdfk,8J9IGXTn-EguF,a78If8dc-JsxC,31,45000,Mortgage,12,Personal,A,6000,9.32,0,0.13,N,9
hU9cxsFh-mEO8,k4abUXB2-inXr,oieyXa92-rPQE,28,NULL,Mortgage,8,Debtconsolidation,A,7925,15.27,0,0.26,,4
bJfL7Ohr-5yZ8,QOs0YCpQ-ZvyM,9AeYJcaF-vn5j,29,105996,Mortgage,0,Debtconsolidation,B,19400,NULL,0,0.18,N,6
gBGhZQCP-fvPe,ucQH7loD-C8C0,yskrCuGZ-eQ27,27,64000,Rent,3,Personal,A,3600,7.49,1,0.06,N,5
g7SYRjFA-znWo,6vKd1dNk-jO7b,PXaf83Lx-Z7rE,26,34000,Mortgage,6,Personal,A,12000,6.03,0,0.35,N,2
UZtAYHzP-HWIn,zABKPmkO-ls2k,ewWSJswY-YsGR,22,25000,Mortgage,4,Venture,A,1800,8.49,0,0.07,N,2
2YlOM1b3-YIkJ,JhJKpSZm-vE2v,FD8tLF5K-PBsh,22,96000,Rent,4,Education,B,3150,6,0,0.03,N,2
wSHOaz08-eKX6,ENCLuwui-jkvz,CRi1o0yF-3urZ,23,42240,Mortgage,3,Education,C,5500,12.73,0,0.13,N,3
LQ0yHGCj-t6Dm,3E00oE0z-5ZJB,Wv0EIpKm-vSbv,25,42000,Rent,2,Medical,C,6500,13.49,0,0.15,Y,3
2PGiqapk-bHPK,mctWCdi7-h0Ie,KiiaPXGK-I2bJ,48,140000,Mortgage,4,Education,B,18000,9.99,0,0.13,N,11
SFDTMRuG-pzkZ,9F5lLAcp-Hr4m,rI1CWiKm-OFHS,23,45000,,2,Personal,,2200,8.49,0,0.06,N,3
cSmQCCOK-ioOR,48lt539T-2a8C,QTLF74Ht-j9Ju,25,98000,Mortgage,9,Education,A,2000,5.42,0,0.02,N,4
YRfufEF3-juBQ,iIFWCoAo-eIJZ,d0kI1feq-y5W5,38,55000,Mortgage,3,Medical,C,14000,13.22,0,0.25,N,13
M4xkGyzH-J7yl,BL6qtvnJ-TIxu,WvuBBa0n-6Iyy,35,66000,Mortgage,4,Venture,A,3000,6.03,0,0.05,N,7
eabaLE96-I8fI,aAojKeYO-GLe9,zXOX2OGk-8HgP,25,45000,Rent,5,Medical,B,2500,12.69,0,0.06,N,4
jncaQ4xA-2BUT,jQgECUNL-2K5e,JPvb5BXL-q5Qm,29,46500,Rent,5,Venture,C,2500,13.92,0,0.05,Y,9
ntM2TAEy-aSoG,G5SkxRiQ-817O,zgYqcg8C-b8HB,25,88500,Rent,3,Venture,C,7200,13.47,0,0.08,Y,2
A8u528IB-qTxu,IZPykaHc-x8GL,oX7467ri-zKFt,30,46500,Mortgage,8,Venture,A,6000,7.88,0,0.13,N,8
Mi8JrYh4-8IgI,E7mIFekX-49Ns,3ZJhCInZ-msQq,23,70000,Rent,4,Education,A,6000,7.49,0,0.09,N,3
SIbqmdlL-t6IF,WreUXwJ2-iLqT,FkyQ2p0o-dFB3,37,59000,Rent,2,Education,D,4800,14.54,1,0.08,Y,14
zivttnOy-kv9A,7hgHU3an-zPZd,boG9fi69-Uqoy,38,89000,Mortgage,2,Personal,A,6000,5.42,0,0.07,N,13
G1pWB5Bq-mkFg,H5uMTSKK-ChzA,Y5rt4Pf1-RptN,25,31200,Own,9,Personal,A,15000,6.03,0,0.48,N,4
xcnIw91L-yPtC,syma6Oqp-dCya,s1OC4rGZ-FNb6,27,60000,Rent,0,Venture,B,20000,12.21,1,0.33,N,5
s7pyJBwl-5piE,YrpSRAWW-wKy9,Widj4IOW-PoY5,22,60000,Mortgage,5,Venture,A,5600,7.49,0,0.09,N,3
Zn1CseMn-zjW1,EOqBAdzj-ejfJ,EHZvCUpm-x9Um,34,NULL,Mortgage,NULL,Personal,A,4800,NULL,0,0.11,N,4
rS1qrakl-nHQ7,EtnCMmKp-I0ou,koFmCAfD-34gy,21,72252,Mortgage,0,Venture,A,8000,6.99,0,0.11,N,2
HWccdzPG-RhFz,QU18nYMs-hd6I,Whs0h9KE-0t3r,65,57996,Rent,4,Education,D,3000,NULL,0,0.05,N,27
FmwjqMWP-zmuy,fqYQuO2p-FB60,jxS64doh-Hetf,24,130000,Rent,7,Debtconsolidation,B,24000,11.49,0,0.18,N,3
6g2uY2sF-rv5Q,6LvjFRZ5-aN2G,0kygwQTT-ro2Y,30,90722,Mortgage,6,Venture,A,10000,6.91,0,0.11,N,8
Av0IT3iL-S1hH,dbXgqTMS-4NSc,JIKMsJ13-GJSi,37,91800,Mortgage,21,Medical,D,20000,14.84,1,0.19,Y,12
IlfJHwkj-dlfN,HTfEMoRq-e0di,34ivH6NF-gT6x,23,15000,Mortgage,0,Personal,C,3600,13.47,1,0.24,N,4
ix3HLZKM-qfkP,WJmfKnih-JFnD,0yCM4S5u-bGpp,27,62000,Rent,7,Homeimprovement,A,5000,NULL,0,0.08,N,5
DpZ5MDlj-0PP0,gAIRBila-PM3l,15U8l73b-iEdO,24,155000,Rent,8,Education,B,18000,10.62,0,0.12,N,4
1HTFGRZY-4mTp,uBTFHi7c-ZWes,JxrzT2BW-OAqw,22,14400,Rent,0,Homeimprovement,E,4400,19.91,1,0.31,N,4
evgAsF3O-Q46W,aKWY6clX-gdsN,rizxYyR3-akyr,26,50000,Rent,0,Venture,B,4800,NULL,0,0.1,N,3
1ALpTMUB-1PDz,e5o1LuFT-WDPO,mAoKnRaG-ou0g,35,40000,Rent,2,Medical,C,7550,13.92,0,0.19,N,9
JLAq8dlx-tu7t,inq4GkBo-RevJ,AvrwUxDi-ooLm,27,90000,Mortgage,8,Debtconsolidation,A,12000,7.29,0,0.13,N,5
sbgD8YYz-InAm,sLGulbdP-UWbs,LjMstY2m-zAJE,26,32956,Own,10,Medical,A,25000,NULL,0,NULL,N,4
tFMiNmqD-7n8m,HX1QO8HM-NIXq,sBAtAbCh-mlrF,27,185232,Mortgage,10,Personal,A,35000,NULL,0,0.19,N,8
Dre24rlk-pkXG,qJ2bPDry-MWh1,uhzzSJDR-qflN,36,27000,Own,4,Homeimprovement,A,6000,7.14,0,0.22,N,15
Q90GxivF-4CCI,nkmntrjZ-Eqcy,u1ITbITv-nCYD,30,143500,Mortgage,0,Homeimprovement,B,20000,11.89,0,0.14,N,8
nvtlxtJO-bTfc,elc7rSqd-xGEt,04I4PSrD-ZoaO,33,170004,Mortgage,17,Personal,A,12000,7.51,0,0.07,N,9
7dBZdhCE-h8p6,nXgfW7LO-jpuK,DyCfcRiz-0s1F,21,115000,Mortgage,2,Debtconsolidation,B,20000,10.83,0,0.17,N,4
KYUyvhCo-rahX,jt5nKRY7-rcB5,JmKxi4C8-OIbG,27,63000,Mortgage,12,Personal,A,18000,7.49,0,0.29,N,9
AHmstrcj-a3sc,MS5Y53GD-opQC,6po9H24M-Dyyb,25,22800,Rent,NULL,Medical,B,6000,NULL,0,0.26,N,3
8XM8tB8g-SfkQ,vTQcZsXq-IRZM,7QarOirR-pppg,28,120000,Mortgage,12,Education,A,10000,5.42,0,0.08,N,6
o106NJlW-03ld,BoCZiFpk-OXaJ,7Ddc2LzG-NU3x,43,145000,Mortgage,1,Venture,A,20000,6.91,0,0.14,N,17
piczfiLk-B4dv,hg0X557p-tHJZ,ijS2Kc62-eEyZ,25,61000,Own,2,Personal,C,15000,14.65,0,0.25,N,2
KWciQq69-jGYX,gUdEo94J-YZHG,J9RxP6Pu-cn4N,39,60000,Mortgage,20,Medical,A,7000,7.68,0,0.12,N,15
j0hkaZAi-WJpB,uOqK9td7-y2TX,34UCigpM-LcHm,29,40000,Mortgage,9,Personal,A,5000,6.99,0,0.13,N,7
zPem3ped-1BJr,KAGoK0PX-fy0t,nayUgMfT-6iou,32,86000,Mortgage,4,Medical,A,8400,6.62,0,0.1,N,8
2N5Deky7-LZkd,LtUDFeiM-iv6A,ROfCyINn-IUPi,23,26000,Mortgage,3,Debtconsolidation,B,7800,10.59,0,0.3,N,3
Zimy7zeg-zNJJ,9ExOlAPU-ZH0L,rqsFcbCh-9QTv,24,37000,Other,2,Education,B,5000,11.58,0,0.14,N,3
AYU0LCx0-ptNC,qUwuENvb-d6OC,fwvKEIA0-FwaK,24,112000,Rent,8,Homeimprovement,A,6400,6.62,0,0.06,N,2
GCx5OiQx-7FdH,PzTnEQZ7-AM5r,kRUD3ScE-Q7gU,29,91440,Rent,13,Homeimprovement,A,23000,6.54,0,0.25,N,7
8dlnbOs5-X91q,4Q8lwcyY-Ug2n,r0gOJdBa-UQ3l,31,87504,Mortgage,14,Medical,A,12650,8.9,0,0.14,N,10
YnZHxgEw-aF66,BcPcoUPu-Bi77,aFx63BrJ-k5F3,26,58195,Rent,3,Personal,B,11000,9.91,0,0.19,N,2
yd9Y5ql2-UN8S,IHizOYWZ-ZrC2,GMM67Jso-KIbb,41,83000,Mortgage,6,Homeimprovement,B,3000,11.83,0,0.04,N,12
urN4ynD0-Bs9p,SGYt6Bzg-X7jg,0dKWsUaC-56uh,23,34000,Own,7,Venture,A,10950,7.29,0,0.32,N,2
4wRtwAOD-fdNb,tML5tppy-RyL8,p3xDLa1M-ZX8p,22,27000,Rent,3,Medical,A,2800,7.51,1,0.1,N,3
ZCN82CSJ-n2YC,tAINIM2v-1MOH,HM1StFeH-08oO,35,20000,Rent,4,Education,D,6000,15.99,0,0.3,N,5
sx41ccRW-o9kd,BFf2zyKP-PEv2,nvB01Bip-Lisd,22,71200,Rent,2,Venture,B,11000,12.42,0,0.15,N,2
Ba4bvNNt-6M9e,mMnyiLk8-rQKO,dTQ6ooD5-dh6u,42,45000,Rent,1,Medical,B,18200,10.83,1,0.4,N,16
7XcKTbdT-5LpS,oSxWU86h-AzLU,Dppg7pCX-gGee,36,120000,Mortgage,12,Homeimprovement,A,14500,5.42,0,0.12,N,13
QoMxv9tl-6RS5,CjxkakKw-cGI6,WwvK6uAc-BtkP,32,38300,Rent,4,Medical,B,5000,10.25,0,0.13,N,9
GPyuwFAH-x5tU,FYuBIRe2-DgUQ,3nNEfRNx-61A8,26,36000,Mortgage,10,Personal,B,18000,10.39,0,0.5,N,2
RCx9phN5-6v4H,NPZ9A4cA-i85i,URiDxeTv-BhBi,30,45000,Rent,1,Education,A,6000,7.51,0,0.13,N,5
4R1CdiJu-fLhR,ORqcndMQ-JRoH,nFUja0aN-5I13,24,NULL,Mortgage,8,Venture,D,5000,8.88,0,NULL,N,3
Xkn8efXu-fNSr,0ze76sI8-dLYP,5jJRi5h8-tBx5,26,30000,Rent,1,Medical,E,NULL,7.51,0,0.17,N,9
2c5TJeBX-Bhaz,pFQ0RqtS-TeEb,v24dlQwf-Jmz0,37,85000,Rent,3,Education,C,10000,14.27,0,0.12,N,14
gqdgwhlk-R2Wy,pTOtGC1G-xkte,mUHhpA8s-c9ou,37,95000,Rent,3,Medical,A,10000,7.88,0,0.11,N,13
fdv1iTWC-DQm7,FJfPLpeg-R8mk,OKmCcDBr-FObx,27,72000,Rent,9,Education,B,25000,10.75,1,0.35,N,8
F4fHYmwf-wQ6C,RJqtHIpF-0zfD,1hcZuT9N-pNq7,22,47472,Mortgage,NULL,,B,12000,16,1,0.11,N,15
EY2k9mt7-WhMx,mEkb44qu-YIlM,TS0iHRpW-YaJw,29,55000,Rent,3,Personal,B,1200,9.99,0,0.02,N,6
glQaK54h-cWBR,3LU2Yalv-eqM2,APifGMpO-oTQC,34,68000,Rent,5,Homeimprovement,A,14400,8.59,0,0.21,N,5
BAlifwah-lor8,pYtIU3Bu-iitB,2vTu9OwQ-ZbU1,38,175000,Mortgage,NULL,,B,5300,7.49,0,0.15,N,3
YypM7O6v-2YMN,cuAXmLZB-ayhn,BPYGAJYz-aQBj,42,14000,Rent,0,Education,C,1700,13.16,0,0.12,Y,13
IeqaKxFd-z06u,9Jws0Dti-CacT,bEGhh4QT-84ND,21,62316,Mortgage,5,Medical,A,10000,7.66,0,0.16,N,4
a2U9O3J3-iED8,KeM0kc3u-Qs24,Xt9cZ8so-uAvY,24,10000,Rent,8,Personal,A,3000,7.9,1,0.3,N,3
mIkHqOnk-8R8M,B91Q2jre-dlQO,DECcw4MQ-JXeu,23,65000,Mortgage,3,Education,A,8000,7.14,0,0.12,N,4
4hl0joMy-zm6Q,ZJncnDDp-sYIl,UpQ0cuH3-lK02,34,58000,Rent,11,Personal,B,10000,10.65,0,0.17,N,9
x25uwrpf-9k9D,dXovY5mm-PLjQ,qiz2qOJl-LFM5,32,NULL,,7,Personal,C,10000,NULL,0,0.06,N,5
7jxqJIuP-I1OS,NDJXG9sO-ddFT,h061JUJS-ssbb,26,27000,Mortgage,NULL,Debtconsolidation,A,3000,5.79,0,0.11,N,3
U5A0YCeg-dIb4,ZuHf01Ss-ZxtT,39oyxmrD-0bvO,24,39000,Mortgage,8,Venture,A,1200,NULL,0,0.03,N,2
3QrrKxYs-Ksf9,GJXsUEd1-aAAv,mAAbfW5i-hOds,43,122500,Mortgage,4,Education,A,9150,6.03,0,0.07,N,12
ZUKhCPqM-5PlL,FYhm2rrf-KgwO,PkhINu4H-vWQx,23,136000,Mortgage,7,Education,A,8000,8.32,0,0.06,N,2
zCRIlUtQ-kYl6,tIIeunMC-SPia,oEeBJYgT-CN3N,23,47496,Rent,7,Education,B,3500,12.69,0,0.07,N,2
Pur9t7xU-Gx0v,Dwr5Q2R9-Awvl,g1WUesfG-k9ss,22,108803,Mortgage,6,Medical,C,10000,12.23,1,0.08,N,4
gfaz3an2-JoDZ,Xf7DSEoa-TOfm,u1R3MTPL-weID,26,122000,Mortgage,4,Education,C,4800,NULL,0,0.04,Y,3
W8kxoHJe-ukty,iXgoew3E-aUjL,ifrLGqks-3lT2,25,75000,Rent,8,Personal,B,9600,12.69,0,0.13,N,3
ZSDuRFy0-u7jl,IolXYsXr-fbcB,Ekp9E7M7-x7T1,24,NULL,Mortgage,8,Medical,D,4000,13.49,0,NULL,N,15
1WMzk5W9-2BGN,s03kLMUF-1oUP,w95JTGMZ-oN61,25,37000,Rent,2,Venture,B,3325,11.49,0,0.09,N,3
5c61u2W2-lFBG,AJ7QpBgB-xi1v,QaihcaKr-HjUR,25,30720,Rent,2,Homeimprovement,C,11000,13.72,1,0.36,N,2
YaAX6QNP-Q98j,AJdwn52H-2loK,K0RfZfnX-D27H,NULL,34000,Mortgage,NULL,Debtconsolidation,B,5000,13.98,0,0.08,Y,2
pW9jN7TI-Bfh4,AbSZT2Tr-kw6C,eM3szYYP-cSQi,37,32000,Rent,4,Debtconsolidation,C,17000,NULL,0,0.23,,5
gBu40RZv-yonM,QlLBR7E0-QJ9n,tDBmBWkG-xqrH,29,66000,Mortgage,NULL,Personal,A,3000,7.66,0,0.05,N,7
UJdC5KZu-plFs,K167S7O2-Fl8c,BnaYytrJ-t7HD,36,42000,Rent,1,Education,A,21000,7.49,1,0.5,N,11
7G3MBYzM-w4BC,A58WkquD-zv34,M80ubdhT-D8RZ,39,56100,Mortgage,23,Medical,D,8000,16.07,1,0.12,N,14
D5LadCUe-o1wR,vM8byJDw-bCvz,UKPsScvL-4Ch8,24,37000,Rent,8,Medical,A,6000,6.76,0,0.16,N,4
tgp7q1xM-iEra,ciYUjaoB-PHfn,0Lt9CuYJ-a25P,21,30000,Rent,3,Debtconsolidation,A,2500,7.14,1,0.08,N,4
Jp5S5Skz-ZDOq,m88sdge1-r45h,Rf8vdiak-9ggG,35,27204,Mortgage,16,Personal,A,1800,7.74,0,0.07,N,7
2C4gMtQH-cgo8,k69CY4Dj-ybMd,nRsr2kNY-DD7L,27,160669,Mortgage,3,Debtconsolidation,B,8000,11.36,0,0.05,N,9
rJiw0a88-aYZH,HZf0bjOK-0K30,3wTu4L5s-T0tR,27,92508,Mortgage,11,Personal,A,13000,7.14,0,0.14,N,5
wwwtdBl4-v8vb,75Fk9t7Z-w0PZ,6wlYoWpP-k8M5,41,43000,Own,3,Venture,B,22800,12.21,0,0.53,N,11
WvikzddB-Fzo8,qMi6xZcZ-7pv3,NRNKsI3j-vy1N,23,85000,Rent,2,Medical,B,9600,10.99,0,0.11,N,4
NrHgiiCU-XBcP,bBbpkns0-IQbP,q2Z8GsSD-L7sM,27,60000,Rent,6,Education,A,12650,NULL,0,0.21,N,9
krmMias0-Qfp4,irzSaGQW-EkTT,Fvq7kLAH-RnIg,24,13000,Rent,4,Personal,B,4000,9.88,1,0.31,N,2
EyiIKdDK-D6jk,bAcLwo8u-UFBe,rC7ue6fh-bavc,33,21996,Rent,0,Education,C,9250,12.87,1,0.42,N,9
k892F3RW-F22m,RA6KUqnJ-IbNB,uNUTkfc3-DL2C,31,17000,Rent,3,Venture,B,4575,11.48,1,0.27,N,7
qTFEBiKS-PloR,Pzg5SeCX-uJyr,t6NlTz2B-WrGl,24,61200,Mortgage,8,Education,C,2500,NULL,1,0.04,N,4
C1a0p6cy-4wxF,lcxwzZNl-3Yxp,zsNiSNTn-860k,22,26886,Own,6,Education,C,7500,NULL,0,0.28,Y,4
4xMgHOng-zjIB,YEjt2jud-3mMP,4AZmB6Mr-ofOP,24,133000,Rent,5,Education,B,17400,11.71,0,0.13,N,4
jqwF3M1Y-q6gw,0Im73E2g-cFIY,93AyfBed-6QX9,25,40000,Rent,3,Medical,B,2500,9.99,0,0.06,N,3
46RTOBBM-2bLS,m7tCl187-Oyb4,nL1TuMem-78m4,31,60000,Own,3,Debtconsolidation,D,5000,16.49,0,0.08,N,9
ogK8YOOe-nqfu,nU7KIn2b-WUUe,uIiydoRz-Yc3l,27,55000,Rent,3,Debtconsolidation,C,20000,13.48,1,0.36,N,9
bJ9MWfOk-xK7w,2T65fbod-4z7w,y3BfxT2n-bhd5,29,59004,Rent,0,Debtconsolidation,B,4800,11.49,1,0.08,N,7
qcWkLabY-dzwN,irFn0uJE-TAfv,te4eTOf5-HceX,27,26000,Mortgage,11,Medical,A,5000,8.94,0,0.19,N,9
tTm1nl2h-WUbX,rmdQq3yy-CBUy,rt5WSyx1-x8Ds,31,62000,Mortgage,4,Venture,A,10500,NULL,0,0.15,N,4
CXDRMHSB-BT8G,MYcW2hvx-iOUL,lcTLYhL4-N0Cb,30,43200,Mortgage,5,Homeimprovement,C,4200,13.49,0,0.1,Y,7
Ly4q4Hua-so1D,f9GgxCYe-5vtp,lkNLDdKJ-mu86,22,82000,Mortgage,3,Personal,B,8300,11.46,0,0.1,N,3
gLTUCvCd-gwN6,dQ6xGRkP-7ZyG,rcE9HYf1-YDwU,27,50004,Rent,12,Debtconsolidation,B,3200,11.49,0,0.06,N,7
0qhPOghk-GmF4,KWyBDvg3-0R3y,GYEChkNE-JnNY,27,31416,Own,0,Venture,B,8000,11.12,0,0.25,N,5
QQSLLUXU-ulq6,mKBmvPiW-w8UW,jBeKLq17-p2Bv,38,55000,Rent,9,Homeimprovement,D,3325,16.89,0,0.06,N,14
9UwxtzKc-Cxas,svLGCqUl-rZx4,eNglPlbm-eMQ3,24,37000,Rent,1,Debtconsolidation,A,6000,7.66,0,0.16,N,2
tZZsLaL1-7Mky,vjHlgU1U-gmH0,PNb4Qvjs-ZLLI,29,60000,Rent,1,Homeimprovement,B,6000,10.01,0,0.1,N,10
2JNXjB5o-hpRd,vzbKF2YY-8I8Y,T9YD4imY-f0JM,23,78000,Rent,5,Education,D,2300,17.58,0,0.03,Y,2
lRT0Ql8D-XdCy,u5Ad74GF-k3cE,DCjjMCEe-6If3,23,55000,Mortgage,3,Personal,A,7500,7.51,0,0.14,N,2
B7Bwy0bI-LFeT,GCm9wr3b-2Pvm,MpWCxnpz-12FN,23,48000,Rent,3,Medical,A,4800,5.42,0,0.1,N,3
vA4Lfqt4-hSLQ,ncI1Zi4N-jldm,pI5xjlOc-ozLF,43,80000,Mortgage,3,Personal,A,10000,NULL,0,0.13,N,16
6U9REIkM-2x8Q,dA1uSW1z-oedX,RmpHsgvW-wytJ,29,186063,Mortgage,14,Education,B,25000,10.46,0,0.13,N,6
Xh2nAJmG-pZvr,IIqg51h8-ti3a,SWW0C79r-lt68,33,97200,Mortgage,4,Personal,C,20000,12.29,0,0.21,N,9
1uCrwF8N-DjZd,ThBdcz5O-i9sg,UygeLeu4-dv8b,24,40000,Own,4,Personal,C,2000,14.35,0,0.05,N,2
G5TRYDPA-qxYL,PbR6Y7TH-4oe3,6fHGYU4B-4PNX,24,29004,Rent,4,Education,A,5000,6.92,1,0.17,N,3
KRR3SW5R-Kbhc,Apix5TI3-Ca4O,Fb4JNGo4-JOOf,23,54000,Rent,7,Medical,C,15000,15.27,1,0.28,N,2
fXWWlxh6-S4kx,hoCiJgbj-6rPo,3nSnUcjN-6Qt9,25,85000,Own,1,Homeimprovement,C,5000,13.79,0,0.06,Y,2
0h9XLFLa-eOOf,iL4nPq7n-55n1,f0R2n0yN-6ayY,27,80000,Mortgage,11,Personal,A,8500,6.03,0,0.11,N,6
yv86b5Ow-ywPM,5fljNp94-CFIG,6SKos5FL-oMpz,26,105400,Mortgage,6,Medical,D,24000,14.61,1,0.19,N,3
i7yWnvvA-QSSX,RL1UYJBl-msDw,to8NJBu3-NIjy,23,42000,Mortgage,3,Education,A,11000,6.54,0,0.26,N,3
keAhoLPZ-thrY,vePc6Tqi-hmWP,q2GaAv1u-nEbk,24,62400,Rent,8,Education,B,15000,9.45,0,0.24,N,2
Wn49dwNy-vSqk,GQtqOSEe-MeXY,P0wH6t2B-0QFv,23,60000,Mortgage,6,Debtconsolidation,C,7000,12.99,0,0.12,N,4
PpHlkMHL-1RqP,kfRHEjEk-veme,Iz4eaj27-xk0L,22,17720,Rent,6,Homeimprovement,B,5000,9.62,1,0.28,N,4
hwapvLIF-2PAR,6KPB36jm-wtW8,SLA0hIlF-8bIC,24,30000,Rent,2,Debtconsolidation,C,3350,14.72,0,0.11,Y,2
YYvjfK8v-CbGk,bTYH00fk-UcL0,FAiZjYc4-Glca,24,110000,Mortgage,7,Debtconsolidation,A,12000,8.94,0,0.11,N,2
3YlLC4Di-Kx3O,Wy2AsN2F-Nnk6,Sce1MmAw-LqJB,28,83000,Mortgage,9,Debtconsolidation,B,12000,10.74,0,0.14,N,6
ccU5LAlm-oeHq,Adc5z7H5-W6D2,LtTdF3HU-KFgJ,52,54000,Rent,0,Personal,A,1500,8.49,1,0.03,N,24
0Yb2haeZ-xtNg,HkwKNCO7-Krf5,Qeq6YuI3-4dZ7,22,62400,Rent,2,Venture,B,5000,12.69,0,0.08,N,3
1e5LjBri-Qnn7,JgLMhTQe-Hq8p,c4Xk5wv5-zkcG,31,74028,Rent,5,Education,B,15000,10.59,0,0.2,N,9
e6UBZCqm-1fnL,Hn6dGjED-gPQH,jtUaT92L-W55Q,25,24000,Mortgage,0,Debtconsolidation,C,6000,13.49,0,0.25,Y,3
MY8FOgRk-mGxs,5eRFUbNG-LUv2,a7Fz1JOC-Ovfc,23,14000,Rent,0,Debtconsolidation,C,1500,NULL,0,0.11,Y,4
y2MEO00e-TGjb,i6K6zNMA-7nKS,qu3GT0jK-McKK,28,83004,Rent,13,Medical,A,21600,6.91,0,0.26,N,10
dPL1r2d2-LOGu,IYu6E8Qn-7rQ2,loEGx64X-sRPM,25,90000,Mortgage,7,Venture,A,11000,9.32,0,0.12,N,3
bhCTlZuu-7HDr,EJxF8jIK-hTMU,dtFrH3TR-jPxE,NULL,144000,,13,Venture,A,8700,7.88,0,0.13,N,13
6uvNZnDN-wsBW,4bIFFZx5-p3pr,NgyuzQvk-hQgh,23,72000,Rent,4,Medical,C,10000,13.85,0,0.14,Y,3
yMAKyaOx-UwAw,k8YPUIIn-0wZi,KZXEXzce-RcCZ,29,57600,Rent,1,Education,B,21000,9.99,NULL,0.15,,16
ToIZryHX-ZcX8,yorxrujQ-ezKi,13YbkSU7-3Ugy,27,32500,Own,3,Personal,A,5000,6.62,0,0.15,N,8
qsFx4g0C-nniQ,MzzSHMUq-xYuT,tXE8qS8j-QZnA,28,55000,Rent,2,Medical,B,13800,11.83,0,0.25,N,6
sshB2Y6q-HZlx,8Es6aPbA-kObU,n2vpquGb-uELg,25,72893,Mortgage,9,Personal,C,20000,13.22,0,0.27,N,2
XgIx0cvn-RRMo,U9Ty7gIl-ruaK,qpfBbrtC-GAPF,30,72000,Rent,12,Education,A,12400,NULL,0,0.17,N,5
vXD9AtZs-4fIw,Pq3EexbE-sKrg,mx6eQYbB-pQP4,22,49000,Rent,7,Personal,A,7500,6.62,0,0.15,N,3
lcfGmBxC-7o5u,pJcRvYss-JdDM,AOogfhmd-WO9F,31,24000,Rent,0,Debtconsolidation,A,9925,6.62,1,0.41,N,6
PBrDNjgD-39L3,y5t7kDMs-BgrL,6goUvcYq-0O9a,23,120000,Mortgage,2,Education,A,6000,6.76,0,0.05,N,3
IfWGWFOE-mGib,tfD72JXk-9rsz,1E6xy71L-LL1B,22,40000,Mortgage,5,Debtconsolidation,B,8000,9.76,0,0.2,N,4
ZTdmiTQM-wLgf,gajEgexp-sqGD,BBYNCwA8-kT6C,35,648000,Mortgage,6,Personal,E,10000,17.19,1,0.02,Y,8
v0Tps8Bo-fGBT,bjNErMcY-wWYA,iC0rGPxI-Ygie,31,33600,Rent,0,Medical,B,4000,11.49,0,0.12,N,5
9xXWDDow-m4Xq,KHB4chHe-u7vG,ZNH2wYXz-josC,22,28800,Mortgage,2,Medical,A,10000,7.49,0,0.35,N,2
Bhbq0KSQ-FJ1m,ZEnAiCBz-zepq,fQXK3GTy-uXI4,25,36000,Rent,2,Education,C,3600,15.23,0,0.1,N,4
UFuSST8Z-JIaE,4oTKl0H0-wZEb,kzfU827P-G04s,23,65000,Mortgage,7,Education,A,9000,7.88,0,0.14,N,3
74JOTgMS-5pfl,nMnJSJ0I-eBys,UoK5vp54-4gHp,24,134000,Mortgage,2,Debtconsolidation,D,25000,14.83,1,0.19,N,4
qDBl3hP4-f1ur,zFEHh7n5-Gjvg,0xOlqW5J-QCOA,26,38400,Rent,8,Venture,D,9100,15.37,0,0.24,Y,2
E24tdG2E-XSjf,lSIr04Er-zx2e,aqKurn4w-Nzei,28,225000,Mortgage,11,Education,E,9000,16.95,1,0.04,Y,8
dWo1gXXw-YlqB,D53issJU-sE2c,aXanktOp-lIvf,25,90000,Mortgage,9,Homeimprovement,A,10000,5.42,0,0.11,N,4
dm36E1cl-Q8CF,2hhEhbYF-149Q,w2MfCDxt-qn7v,31,75000,Rent,5,Debtconsolidation,B,15000,12.69,0,0.2,N,5
r3l5Cqbs-NwmR,C2kMBDrT-rrS8,eT2Ct2mI-A3jW,23,45000,Mortgage,2,Debtconsolidation,A,6000,7.49,0,0.13,N,3
TqMkt1FG-n6Oa,XiKZ4kpG-MQkv,Xyppv91Z-69Pk,26,78000,Mortgage,7,Venture,A,7200,6.62,0,0.09,N,4
GrB2U4E6-T7tD,fRkm54gd-75g2,tWowJ6W0-FHXy,22,61000,Mortgage,1,Medical,A,8000,5.79,0,0.13,N,4
HwwIfP5R-eazP,g6Qm3sah-IOv6,EmEHFJIP-uC29,32,52000,Rent,0,Personal,A,7125,7.49,0,0.14,N,10
KpgbTqmR-PM0H,J63X0dFA-STxu,ipCruesi-JaTQ,27,48000,Rent,5,Venture,B,12000,11.71,0,0.25,N,6
nGzc8wlN-4yxW,MjqhulL7-Mn60,XPmZUet5-LGoq,22,35000,Own,1,Education,B,8000,12.69,0,0.23,N,4
qKQJIAIO-ktJ6,PzP6MsEr-bPRJ,iKxJE5Xp-B3jW,42,50000,Mortgage,5,Education,B,7000,NULL,0,0.14,N,12
QqgCp8dl-3z7f,qjjfjzUw-nD8k,qj1hF404-oL8z,25,70000,Rent,9,Homeimprovement,D,15000,16.02,0,0.21,N,4
ZGP2Oxuc-qtGl,xWyQODUe-lv6q,1pBsmFFh-jyEI,22,31356,Mortgage,6,Debtconsolidation,D,11225,NULL,1,0.36,Y,2
4bqboFRC-tuDA,rBSDltoG-K2Ss,Jjw4uykQ-oIyh,21,18492,Rent,0,Education,D,5000,12.92,1,0.27,Y,3
OSzTxrFF-Eqmx,swJjqopM-J1xm,aafFYxT0-HySf,26,54000,Rent,2,Venture,D,16000,14.83,1,0.3,N,2
cbWvHOZa-FygL,gZuKNU7S-uXdO,HojZL354-uFr3,22,50000,Rent,7,Medical,A,4000,7.4,0,0.08,N,2
nMDA4Baq-1LNm,3sRhK0dI-jm0y,mB97UIG5-CYmY,33,58800,Rent,10,Medical,B,3000,11.49,0,0.05,N,9
gTN4tllO-ZtsY,qRcJUWHv-AJlB,2DGOS6eU-RSsN,34,60000,Rent,14,Homeimprovement,C,10000,13.57,0,0.17,N,6
TLsRsmFT-tLLk,ZBtymRJa-gqxq,TTbyCtye-O1MC,34,105000,Mortgage,2,Homeimprovement,A,5000,5.42,0,0.05,N,7
vm9oCPiu-t6Wi,2brsKYgp-RuDu,teiOJnuJ-RdZO,29,56500,Rent,3,Medical,B,7000,NULL,1,0.12,N,8
U1KvJMHY-tL2T,Evni9ShU-P2kQ,GPFE0xo7-aLK5,24,36000,Rent,2,Homeimprovement,D,2500,16.77,1,0.07,N,3
S4vTtBZi-84KD,qrIoQJjF-cAFz,I8EcCrX7-rHa9,35,75000,Mortgage,5,Debtconsolidation,C,4000,14.27,0,0.05,Y,5
jd9c8jdM-XRwb,1FOTi6fL-c7t7,hyzrkwAS-zXNL,23,75000,Rent,2,Medical,A,8000,7.9,0,0.11,N,4
xMKgACvR-MEo5,HoM0dQLC-ymjW,C5kedUe1-427I,25,55000,Mortgage,3,Debtconsolidation,A,24200,8.49,0,0.44,N,3
EkNMricS-DiSg,y65bqEmP-nLhr,1BXKMwYs-ukf8,28,276000,Rent,NULL,Personal,A,NULL,12.21,1,0.36,N,14
IMBGp6Qc-RkP6,Du30qLJU-UecW,v4YJgLey-EO1u,22,69500,Mortgage,6,Medical,C,6000,13.48,0,0.09,N,3
RuWZY6Ut-GEgx,nJk03SXh-xadg,aeBTLdcH-MEkD,28,145000,Mortgage,9,Venture,B,25000,NULL,0,0.17,N,9
wNEkY2EF-Bxtc,4tiE1pOu-6wWt,DqWn4QtB-2j7Y,26,78000,Rent,1,Debtconsolidation,B,15000,12.42,1,0.19,N,3
GgTyyvXm-e0SY,sHtyBYaq-GIsw,Onkk8AA3-aMnI,26,225000,Rent,1,Education,A,3000,9.32,0,0.01,N,4
g4hP4TmR-OgCU,cBZU1X0B-Ya7B,hBsWlIXf-nCBR,23,50000,Rent,5,Personal,A,10000,8.94,0,0.2,N,2
1gbQ4RZ1-IMcg,nslcmEgq-uPnO,3OF9yUBo-pxgK,33,80000,Mortgage,5,Homeimprovement,D,24000,14.46,0,0.3,N,6
YvAeLrKC-m7eP,z1Mx5CrE-zvlO,QySap8aN-6uJ8,27,99996,Mortgage,0,Venture,C,3000,12.84,0,0.03,N,10
oeW6zzuX-39Ty,JUdHvywU-USRt,YkIMmsWT-1dxu,22,35000,Rent,1,Venture,C,8000,12.41,0,0.23,N,3
dQ7OIswo-9R1L,IUel1Mih-Rtot,04z2S1YS-WwJn,30,54000,Rent,2,Homeimprovement,E,5000,15.13,1,0.09,N,7
1GRJyZsP-Kgl6,qyz2UHDq-Z1on,Yf3USGxd-asiH,34,42000,Rent,2,Medical,B,2500,10.59,0,0.06,N,6
OlDlGTfu-h7ON,fDdHx7h0-1Xwq,E6wTT8vj-UuEQ,22,78000,Mortgage,3,Education,E,16000,16.45,0,0.21,N,3
UYXNyy9i-UoTU,trjRJH4w-GAxQ,JUQA7P20-5322,26,96640,Other,8,Education,B,25000,11.58,0,0.26,N,2
kdAJ9IS9-KtOP,yvB9MZ3o-oW3c,psdBgfR7-di12,28,50000,Rent,2,Debtconsolidation,B,3000,10.37,0,0.06,N,9
wyuLqvbe-o3rt,cCCN3mde-9lAW,cbxmBwKF-1JAv,28,50000,Rent,1,Education,C,15000,10.28,0,0.3,N,5
fBe6HTvG-x3KQ,JKERLCv1-N5nf,oH2PxRk3-91gS,23,24216,Rent,1,Education,D,3600,16.49,1,0.15,N,3
cRItaaPB-pRvT,hzAXqSDh-ay7Q,Ks4nz74P-z6Iq,31,19968,Rent,1,Education,B,2500,9.62,1,0.13,N,6
hKEYi5g0-chAC,HSPj6ZhP-sRvx,mI0EqG5i-UDYt,34,31000,Rent,5,Medical,A,14500,7.88,1,0.47,N,10
MmzNrerQ-ou6R,5FHqtKEY-kDD5,Os5Xu9nf-RhGy,23,80000,Rent,2,Venture,B,7800,9.99,0,0.1,N,2
r7B04ESr-k4AC,qxEhmrC0-BsP0,SUvB9aLj-AGer,27,69000,Rent,5,Venture,E,25000,13.75,1,0.36,Y,6
OrUsosBy-jMKb,fYw76FWg-HSfR,fg944A8i-NRle,25,38000,Rent,9,Medical,B,4800,11.71,0,0.13,N,4
MG4SzDil-encl,j6IXbO04-FHhz,rCTPiZ7i-jqZD,22,56000,Mortgage,3,Education,D,10075,16.29,0,0.18,Y,4
8PmXI7ia-QAoh,RdUFOJ76-3x23,bLOM4QWZ-zpOI,27,102000,Rent,2,Homeimprovement,A,10150,NULL,0,0.1,N,6
Y2RxYZhT-qEaT,HafWA2vP-oztQ,n7DRRvRp-Cf8R,22,36000,Rent,1,Personal,A,1000,7.68,0,0.03,N,4
nOtN7PZu-7Qjk,kvJKEQ36-IkR8,WsNSKwuY-X1e5,24,98000,Mortgage,8,Medical,B,25000,11.83,0,0.26,N,3
7aKymJqr-gOGv,EHDebTWe-UHkB,bOAmvfLj-jpfJ,32,17040,Rent,NULL,Education,A,2500,7.51,0,0.15,N,10
JTDL4rdY-ZX45,dctkd8zk-uYR6,pw1D8xS2-dvfH,28,30000,Rent,0,Personal,B,8400,11.89,0,0.28,N,10
mwMuTa46-rWpW,O39bLdNF-Wit2,UeuDLumF-hDGn,30,37800,Rent,4,Medical,B,15050,9.99,1,0.4,N,7
SpM03wsj-50hH,xmfjPUnD-nJ48,s1IZIdHt-jfC8,24,100000,Rent,1,Venture,B,15000,11.89,0,0.15,N,2
gaYOYiiG-giqU,fbF0voGT-nBP5,3vZ8Yycy-AzoG,22,69700,Rent,4,Education,B,11200,NULL,0,0.16,N,2
Ll8yTOih-I4Ex,DH535nUu-wMOn,brTIPhj4-iSci,38,30000,Rent,6,Medical,A,8000,NULL,0,0.27,N,14
qdRmbLR7-dCdi,1oNa4ln2-5QRq,r8Fe5XFx-GoNC,37,36000,Mortgage,21,Venture,A,8000,7.88,0,0.22,N,15
ZOd5NM95-L2hX,NdT4e9hA-WfUy,29iZ5uxL-9jaw,24,120000,Mortgage,1,Medical,A,3000,6.39,0,0.03,N,3
xQZFgnqf-ZWGo,bdoppSal-Fbxa,nxL6Tb0q-IkcW,35,126400,Mortgage,0,Debtconsolidation,B,13000,10.38,0,0.1,N,8
2aabCXGX-8hnj,RUbEJKlN-Oeck,u2B5cREv-2wsy,22,26400,Mortgage,NULL,Personal,B,1000,NULL,1,0.04,N,2
F65PD3Ph-gdnE,ShIoahLn-AvGo,ORvMBSzE-seP2,30,50000,Rent,6,Medical,C,10000,NULL,0,0.2,N,5
FzubElzl-Iwp9,QWJm9xaN-m4vU,I2S3TA2D-6Pdm,26,77000,Rent,0,Venture,A,22000,6.54,0,0.29,N,3
hybdOYlt-AuZ7,ZBOA9Ag9-HDuo,Feo6URHQ-NxxQ,26,52800,Rent,4,Personal,B,4000,9.99,1,0.08,N,3
0GZvrlej-NeJj,KjPm1FWp-0DTM,f1iUo5bw-ZhfI,23,33996,Rent,0,Personal,D,5000,14.84,1,0.15,Y,2
3YZOWW7T-DcwW,IP1LSdMe-wOCZ,Q91WXmW5-iafE,24,75000,Rent,4,Homeimprovement,C,3000,NULL,0,0.04,N,4
SBWokZAU-yGFl,GgCaI5OX-z2KX,y1qJW9sN-WlRp,26,35000,Rent,0,Medical,A,6600,8.59,0,0.19,N,4
DjLN68mw-6o78,Hd4goEjD-BOD4,vBpea1tZ-DrZm,23,112000,Mortgage,5,Personal,B,12000,11.99,0,0.11,N,3
nHsEvyp8-rQh3,O8579OOu-gqzD,X5JUoqDX-aInG,48,16800,Own,0,Homeimprovement,B,3300,10.99,1,0.2,N,14
9BOwm34a-hRqc,S0FZp8Ne-YuQ1,v5KUvAMI-3jzj,28,100000,Mortgage,0,Venture,C,18000,13.99,0,0.18,Y,6
g207752f-KPeq,FSquHZqw-zJzf,OqBz0aLl-YKaZ,24,48000,Mortgage,3,Debtconsolidation,B,4800,9.99,0,0.1,N,2
h3eteU2p-Gld3,qkyF5DCx-biSB,Nw6oy0gl-Zy9n,31,18996,Own,6,Homeimprovement,C,7000,NULL,1,0.37,N,8
mfif34Ds-WUhZ,n8v8F8RI-Z07i,3Bn7ZqWo-6SzC,24,57500,Rent,4,Debtconsolidation,C,2525,NULL,0,0.04,N,4
0Sdgf36Z-auBI,0NQJMZa6-PqEk,lNlenObT-659Q,22,30000,Own,6,Education,A,2500,7.29,0,0.08,N,3
vNYYXDrL-WHCt,UWf7Ohww-Cxlw,L5kXqccu-5w5P,23,38000,Rent,0,Education,A,7500,7.88,0,0.2,N,3
CNqfvtB4-DxFi,rNwttLOU-Ht9F,HO7zg4B4-Z6dI,21,24996,Rent,0,Debtconsolidation,B,3000,11.49,0,0.12,N,3
hw9HwidM-bZMq,B5XwHQIM-Ce0b,M001gktk-YrMS,23,57000,Mortgage,6,Education,D,17500,14.09,0,0.31,Y,3
7gTbQqBm-fwxK,EGdkOOMe-O6wZ,9iN5BTaA-Pn0Y,29,38000,Mortgage,3,Education,D,6000,15.21,0,0.16,Y,9
Sj7HWxNp-2mFc,mAhxaMd7-5syl,znepUziH-WlZP,30,130000,Mortgage,6,Debtconsolidation,A,10000,8.49,0,0.08,N,10
1gHocgzS-D3rD,5qZQrDSb-Aq1M,dFyPBWzT-k4dZ,27,46000,Rent,11,Medical,B,8000,11.36,0,0.17,N,8
fGOTdRSB-8508,Nm57TkGH-8BXj,A1TlrjGo-DAXJ,28,50000,Rent,1,Personal,B,4800,10.37,0,0.1,N,10
6ULt5FuM-rAnK,BlbMGp8f-KIPG,5RgO30rA-2Wgx,33,116000,Mortgage,5,Education,C,15000,12.84,0,0.13,N,7
q3JejqmJ-ntqq,no8x7L5P-Utyw,GfgX5evS-5YdQ,25,130000,Mortgage,2,Venture,A,12000,7.51,0,0.09,N,2
gBYcKqmc-sTBi,qUSgykqJ-3B8p,K0pG1MyW-rcTd,25,51300,Rent,9,Debtconsolidation,A,3600,7.49,0,0.07,N,3
6AxhNce0-WuXE,7RwdESX0-mHZT,QzsMb7hh-MnRz,36,78000,Mortgage,7,Personal,A,15000,7.88,0,0.19,N,16
owohqlA3-IcuN,RaZHvBbg-BRwD,LdoMcLpI-vPY6,27,75000,Mortgage,4,Personal,B,20150,11.36,0,0.27,N,6
